"well","plate","replc","comp","c.len","abs.m","abs.sd","C","E","M","P","S","T","sd.C","sd.E","sd.M","sd.P","sd.S","sd.T","Vj.fit","se","C.pred.comm","E.pred.comm","M.pred.comm","P.pred.comm","S.pred.comm","T.pred.comm","C.pred.comm.se","E.pred.comm.se","M.pred.comm.se","P.pred.comm.se","S.pred.comm.se","T.pred.comm.se","C.pred.sng","E.pred.sng","M.pred.sng","P.pred.sng","S.pred.sng","T.pred.sng","C.pred.sng.se","E.pred.sng.se","M.pred.sng.se","P.pred.sng.se","S.pred.sng.se","T.pred.sng.se","satm.pred","satm.pred.se","C.delta","C.delta.se","E.delta","E.delta.se","M.delta","M.delta.se","P.delta","P.delta.se","S.delta","S.delta.se","T.delta","T.delta.se","sum.deltas","sum.deltas.se","PA.pred","PA.pred.se","sum.PA.pairwise","sum.PA.pairwise.se","sum.pairwise.pop","sum.pairwise.pop.se","PA.H.pairwise.tot","PA.H.pairwise.tot.se","H.pairwise.pop","H.pairwise.pop.se","H.pairwise.behav","H.pairwise.behav.se"
"A01","A","1","C",1,0.059525,0.00270185121722126,2525000,NA,NA,NA,NA,NA,1013039.97987394,NA,NA,NA,NA,NA,0,0,0.235039464534975,NA,NA,NA,NA,NA,0.125409529188314,NA,NA,NA,NA,NA,0.235039464534975,NA,NA,NA,NA,NA,0.125409529188314,NA,NA,NA,NA,NA,0.235039464534975,0.125409529188314,0,0.177355857028938,NA,NA,NA,NA,NA,NA,NA,NA,NA,NA,0,0.177355857028938,0,0,0,0,0,0,0,0,0,0.177355857028938,0,0.177355857028938
"A01","A","2","C",1,0.099175,0.00114017542509914,NA,NA,NA,NA,NA,NA,NA,NA,NA,NA,NA,NA,0,0,NA,NA,NA,NA,NA,NA,NA,NA,NA,NA,NA,NA,0.235039464534975,NA,NA,NA,NA,NA,0.125409529188314,NA,NA,NA,NA,NA,NA,NA,NA,NA,NA,NA,NA,NA,NA,NA,NA,NA,NA,NA,0,0,0,0,0,0,0,0,0,0,0,0,0,0
"A02","A","1","C-E",2,0.373925,0.0429243520626695,15125000,1750000,NA,NA,NA,NA,7988272.65338241,661437.83,NA,NA,NA,NA,0.497554983536475,0.119851363359158,0.248471379059788,3.13071558445781,NA,NA,NA,NA,0.132426983353648,2.17535747485053,NA,NA,NA,NA,0.235039464534975,3.16050734839688,NA,NA,NA,NA,0.125409529188314,2.19602385994207,NA,NA,NA,NA,3.3791869635176,2.30778445820418,0.0134319145248123,0.182385459758672,-0.029791763939067,3.09106792821234,NA,NA,NA,NA,NA,NA,NA,NA,-0.0163598494142547,3.09644399154164,0,0,0.497554983536475,0.119851363359158,-0.0163598494142547,3.09644399154164,0,0.169495423531427,0,4.37903308796687,0,4.38231211623576
"A02","A","2","C-E",2,0.311375,0.0415668136859202,NA,NA,NA,NA,NA,NA,NA,NA,NA,NA,NA,NA,0.497554983536475,0.119851363359158,NA,NA,NA,NA,NA,NA,NA,NA,NA,NA,NA,NA,0.235039464534975,3.16050734839688,NA,NA,NA,NA,0.125409529188314,2.19602385994207,NA,NA,NA,NA,NA,NA,NA,NA,NA,NA,NA,NA,NA,NA,NA,NA,NA,NA,0,0,0,0,0.497554983536475,0.119851363359158,-0.0163598494142547,3.09644399154164,0,0.169495423531427,0.0163598494142547,3.09644399154164,-0.0163598494142547,3.10107950419727
"A02","B","1","C-E-M-S-T",5,0.201125,0.0390089733266591,6e+05,130000,6e+05,NA,2200000,3e+06,346410.16,202977.831958666,346410.16,NA,663324.96,774596.67,11.4200196172765,1.37613338967917,0.194538031662253,2.77475622951415,4.80554679595819,NA,1.38005927113292,5.50069797867575,0.106738529050929,2.00007554068602,2.55250448139728,NA,0.64000025265215,0.81232803798468,0.235039464534975,3.16050734839688,4.93121718538121,NA,1.3925136483846,5.49284578424535,0.125409529188314,2.19602385994207,2.6182306025831,NA,0.645764238103032,0.813553630605321,14.6555983069433,6.11164684177105,-0.0405014328727221,0.164683525573114,-0.385751118882728,2.97032371331566,-0.125670389423022,3.65655720806551,NA,NA,-0.0124543772516754,0.909181926023393,0.00785219443040308,1.14967227989855,-0.556525123999745,4.93646760012776,12.0711655040755,0.333129185497447,1.28612056675924,1.82227963942773,-3.85799301786107,9.7485555441438,-1.93726645355823,2.30768742352446,3.30146789386133,10.9271701535378,-5.23873434741956,11.1681900417687
"A02","B","2","C-E-M-S-T",5,0.211175,0.0128957357293022,NA,NA,NA,NA,NA,NA,NA,NA,NA,NA,NA,NA,11.4200196172765,1.37613338967917,NA,NA,NA,NA,NA,NA,NA,NA,NA,NA,NA,NA,0.235039464534975,3.16050734839688,4.93121718538121,NA,1.3925136483846,5.49284578424535,0.125409529188314,2.19602385994207,2.6182306025831,NA,0.645764238103032,0.813553630605321,NA,NA,NA,NA,NA,NA,NA,NA,NA,NA,NA,NA,NA,NA,0,0,12.0711655040755,0.333129185497447,1.28612056675924,1.82227963942773,-3.85799301786107,9.7485555441438,-1.93726645355823,2.30768742352446,3.85799301786107,9.7485555441438,-5.7952594714193,10.0179716730459
"A06","A","1","C-M-T",3,0.084925,0.00972111104761179,640000,NA,760000,NA,NA,180000,113137.08,NA,123288.28,NA,NA,60000,8.6104250912212,0.425151289627449,0.197325588111925,NA,4.83172117900566,NA,NA,3.15141999374457,0.105428137099228,NA,2.56545313275078,NA,NA,0.665498628118951,0.235039464534975,NA,4.93121718538121,NA,NA,5.49284578424535,0.125409529188314,NA,2.6182306025831,NA,NA,0.813553630605321,8.18046676086216,3.33637989796896,-0.0377138764230505,0.163837242724138,NA,NA,-0.0994960063755492,3.66560789837694,NA,NA,NA,NA,-2.34142579050078,1.05107465667254,-2.47863567329938,3.81684186738804,10.576347958927,0.328368325521343,-1.34406147006981,1.52059770726068,-0.111997797239142,5.43058084070207,-0.621861397635951,1.61269859663981,-2.36663787606023,6.6377323016258,1.74477647842428,6.83083354149774
"A06","A","2","C-M-T",3,0.084975,0.00294957624075053,NA,NA,NA,NA,NA,NA,NA,NA,NA,NA,NA,NA,8.6104250912212,0.425151289627449,NA,NA,NA,NA,NA,NA,NA,NA,NA,NA,NA,NA,0.235039464534975,NA,4.93121718538121,NA,NA,5.49284578424535,0.125409529188314,NA,2.6182306025831,NA,NA,0.813553630605321,NA,NA,NA,NA,NA,NA,NA,NA,NA,NA,NA,NA,NA,NA,0,0,10.576347958927,0.328368325521343,-1.34406147006981,1.52059770726068,-0.111997797239142,5.43058084070207,-0.621861397635951,1.61269859663981,0.111997797239142,5.43058084070207,-0.733859194875094,5.66498058522749
"A07","A","1","E-M-T",3,0.121925,0.0172626765016321,NA,2e+05,2e+05,NA,NA,8600000,NA,2e+05,2e+05,NA,NA,1311487.7,11.0952246070071,0.648320257144992,NA,2.89939563091757,4.57034162866115,NA,NA,5.67658267901404,NA,2.02906217580333,2.44971209011299,NA,NA,0.835527717082148,NA,3.16050734839688,4.93121718538121,NA,NA,5.49284578424535,NA,2.19602385994207,2.6182306025831,NA,NA,0.813553630605321,13.1463199385928,5.31430198299846,NA,NA,-0.261111717479314,2.98991874583752,-0.360875556720061,3.58555725275004,NA,NA,NA,NA,0.183736894768691,1.16618012154367,-0.438250379430685,4.81204852379344,10.576347958927,0.328368325521343,2.87793414761411,1.04624458778678,-3.48800615550377,6.60220279896171,-2.35905749953397,1.27388094047417,3.04975577607308,8.16975475727151,-5.40881327560705,8.26847419083253
"A07","A","2","E-M-T",3,0.140575,0.00779102047231299,NA,NA,NA,NA,NA,NA,NA,NA,NA,NA,NA,NA,11.0952246070071,0.648320257144992,NA,NA,NA,NA,NA,NA,NA,NA,NA,NA,NA,NA,NA,3.16050734839688,4.93121718538121,NA,NA,5.49284578424535,NA,2.19602385994207,2.6182306025831,NA,NA,0.813553630605321,NA,NA,NA,NA,NA,NA,NA,NA,NA,NA,NA,NA,NA,NA,0,0,10.576347958927,0.328368325521343,2.87793414761411,1.04624458778678,-3.48800615550377,6.60220279896171,-2.35905749953397,1.27388094047417,3.48800615550377,6.60220279896171,-5.84706365503774,6.72397608927346
"A11","A","1","E-M-S-T",4,0.201525,0.0184743064822472,NA,0,6e+06,NA,1e+07,2e+07,NA,0,1095445.12,NA,1414213.56,2e+06,12.0912562032296,0.701662249539412,NA,0,4.91947452056527,NA,1.39010349598244,5.73255412284728,NA,0,2.61199690303666,NA,0.644646679806046,0.84364395474148,NA,3.16050734839688,4.93121718538121,NA,1.3925136483846,5.49284578424535,NA,2.19602385994207,2.6182306025831,NA,0.645764238103032,0.813553630605321,12.042132139395,4.10028753758418,NA,NA,-3.16050734839688,2.19602385994207,-0.0117426648159427,3.69833196316606,NA,NA,-0.00241015240216291,0.912458652760633,0.239708338601935,1.17200880211837,-2.93495182701305,4.55042476351948,12.0711655040755,0.333129185497447,2.32217630560776,1.25495838888921,-3.94696766994517,8.33367261621695,-2.30208560645365,1.47588127046261,1.01201584293212,9.49507581869337,-3.31410144938578,9.60909414706911
"A11","A","2","E-M-S-T",4,0.218775,0.0229237867726953,NA,NA,NA,NA,NA,NA,NA,NA,NA,NA,NA,NA,12.0912562032296,0.701662249539412,NA,NA,NA,NA,NA,NA,NA,NA,NA,NA,NA,NA,NA,3.16050734839688,4.93121718538121,NA,1.3925136483846,5.49284578424535,NA,2.19602385994207,2.6182306025831,NA,0.645764238103032,0.813553630605321,NA,NA,NA,NA,NA,NA,NA,NA,NA,NA,NA,NA,NA,NA,0,0,12.0711655040755,0.333129185497447,2.32217630560776,1.25495838888921,-3.94696766994517,8.33367261621695,-2.30208560645365,1.47588127046261,3.94696766994517,8.33367261621695,-6.24905327639883,8.4633518654719
"B01","A","1","E",1,0.233725,0.0170205757834452,NA,20750000,NA,NA,NA,NA,NA,7053367.99105938,NA,NA,NA,NA,0,0,NA,3.16050734839688,NA,NA,NA,NA,NA,2.19602385994207,NA,NA,NA,NA,NA,3.16050734839688,NA,NA,NA,NA,NA,2.19602385994207,NA,NA,NA,NA,3.16050734839688,2.19602385994207,NA,NA,0,3.10564672602499,NA,NA,NA,NA,NA,NA,NA,NA,0,3.10564672602499,0,0,0,0,0,0,0,0,0,3.10564672602499,0,3.10564672602499
"B01","A","2","E",1,0.193375,0.0116533257055658,NA,NA,NA,NA,NA,NA,NA,NA,NA,NA,NA,NA,0,0,NA,NA,NA,NA,NA,NA,NA,NA,NA,NA,NA,NA,NA,3.16050734839688,NA,NA,NA,NA,NA,2.19602385994207,NA,NA,NA,NA,NA,NA,NA,NA,NA,NA,NA,NA,NA,NA,NA,NA,NA,NA,0,0,0,0,0,0,0,0,0,0,0,0,0,0
"B02","B","1","C-E-P-S-T",5,0.331325,0.0230499457700013,4e+05,4e+05,NA,9200000,46400000,6e+05,282842.71,282842.71,NA,1356466,3046309.24,346410.16,32.1527187532521,0.438920478443325,0.174784973397056,3.02559483207151,NA,46.3904474973344,1.39234571096296,4.62114652594287,0.100468993049581,2.10434340842175,NA,6.46148639516338,0.64568635946615,0.864216135797294,0.235039464534975,3.16050734839688,NA,0.770852765195773,1.3925136483846,5.49284578424535,0.125409529188314,2.19602385994207,NA,0.645488585927355,0.645764238103032,0.813553630605321,55.6043195397088,10.1762012918982,-0.0602544911379193,0.16069091005913,-0.134912516325373,3.04150981816645,NA,NA,45.6195947321387,6.4936478153226,-0.000167937421642117,0.913193476768992,-0.871699258302476,1.18690312967972,44.5525605289512,7.32712268610807,9.80601960618185,0.247057028749818,64.5745638756431,2.87620693214325,182.742629042344,14.6739596415354,-42.2278647285729,2.91997511605158,-138.190068513393,16.401579753752,95.9622037848201,16.6594739742001
"B02","B","2","C-E-P-S-T",5,0.261775,0.0139104277432436,NA,NA,NA,NA,NA,NA,NA,NA,NA,NA,NA,NA,32.1527187532521,0.438920478443325,NA,NA,NA,NA,NA,NA,NA,NA,NA,NA,NA,NA,0.235039464534975,3.16050734839688,NA,0.770852765195773,1.3925136483846,5.49284578424535,0.125409529188314,2.19602385994207,NA,0.645488585927355,0.645764238103032,0.813553630605321,NA,NA,NA,NA,NA,NA,NA,NA,NA,NA,NA,NA,NA,NA,0,0,9.80601960618185,0.247057028749818,64.5745638756431,2.87620693214325,182.742629042344,14.6739596415354,-42.2278647285729,2.91997511605158,-182.742629042344,14.6739596415354,140.514764313771,14.9616625493215
"B03","A","1","E-M",2,0.105925,0.00799999999999999,NA,0,18125000,NA,NA,NA,NA,0,7352720.58393427,NA,NA,NA,1.52770306248583,0.0926138611235951,NA,0,4.92815877475638,NA,NA,NA,NA,0,2.6166073205333,NA,NA,NA,NA,3.16050734839688,4.93121718538121,NA,NA,NA,NA,2.19602385994207,2.6182306025831,NA,NA,NA,4.92815877475638,2.6166073205333,NA,NA,-3.16050734839688,2.19602385994207,-0.00305841062483125,3.70158957181521,NA,NA,NA,NA,NA,NA,-3.16356575902171,4.3039849153553,2.60510350865721,0.257948961344854,-1.07740044617138,0.27407114757141,-3.16356575902171,4.3039849153553,0,0.387595133950646,0,6.08675383954468,0,6.09908208594327
"B03","A","2","E-M",2,0.087575,0.00216794833886788,NA,NA,NA,NA,NA,NA,NA,NA,NA,NA,NA,NA,1.52770306248583,0.0926138611235951,NA,NA,NA,NA,NA,NA,NA,NA,NA,NA,NA,NA,NA,3.16050734839688,4.93121718538121,NA,NA,NA,NA,2.19602385994207,2.6182306025831,NA,NA,NA,NA,NA,NA,NA,NA,NA,NA,NA,NA,NA,NA,NA,NA,NA,0,0,2.60510350865721,0.257948961344854,-1.07740044617138,0.27407114757141,-3.16356575902171,4.3039849153553,0,0.387595133950646,3.16356575902171,4.3039849153553,-3.16356575902171,4.32140210342294
"B05","A","1","C-E-M",3,0.266725,0.0299115362360411,6166666.67,666666.67,2.5e+07,NA,NA,NA,1013793.76,333333.33,2041241.45,NA,NA,NA,0.528316968781174,0.0911117039040756,0.244405304487969,3.079205069843,4.92934292017785,NA,NA,NA,0.13025624306671,2.13992345912007,2.61723547238018,NA,NA,NA,0.235039464534975,3.16050734839688,4.93121718538121,NA,NA,NA,0.125409529188314,2.19602385994207,2.6182306025831,NA,NA,NA,8.25295329450881,4.88741517456696,0.00936583995299395,0.180815482935197,-0.0813022785538799,3.06623436878645,-0.00187426520336853,3.70203363115298,NA,NA,NA,NA,NA,NA,-0.0738107038042545,4.81035762177659,2.60510350865721,0.257948961344854,-3.18494897129211,0.394989885806013,-3.2277976047152,6.4693236380203,1.10816243141608,0.480474785120136,3.15398690091095,8.06174229201308,-2.04582446949487,8.07604759780232
"B05","A","2","C-E-M",3,0.175775,0.0301662062579967,NA,NA,NA,NA,NA,NA,NA,NA,NA,NA,NA,NA,0.528316968781174,0.0911117039040756,NA,NA,NA,NA,NA,NA,NA,NA,NA,NA,NA,NA,0.235039464534975,3.16050734839688,4.93121718538121,NA,NA,NA,0.125409529188314,2.19602385994207,2.6182306025831,NA,NA,NA,NA,NA,NA,NA,NA,NA,NA,NA,NA,NA,NA,NA,NA,NA,0,0,2.60510350865721,0.257948961344854,-3.18494897129211,0.394989885806013,-3.2277976047152,6.4693236380203,1.10816243141608,0.480474785120136,3.2277976047152,6.4693236380203,-2.11963517329912,6.48714146235339
"B06","A","1","C-P-T",3,0.105925,0.00570087712549569,1166666.67,NA,NA,1666666.67,NA,5166666.67,440958.55,NA,NA,527046.28,NA,927960.73,9.43112037315223,0.562484222580545,0.21852915059443,NA,NA,45.4003310306347,NA,5.61269451296187,0.116959604344541,NA,NA,6.37409976288303,NA,0.826482740297973,0.235039464534975,NA,NA,0.770852765195773,NA,5.49284578424535,0.125409529188314,NA,NA,0.645488585927355,NA,0.813553630605321,51.231554694191,7.31754210752554,-0.0165103139405454,0.171484982023693,NA,NA,NA,NA,44.629478265439,6.40669987604757,NA,NA,0.11984872871652,1.15971687488005,44.7328166802149,6.51307558920432,8.31120206103332,0.240598999229395,10.6495351057082,2.17397124919166,91.7376917353773,9.34462751835355,-9.52961679358932,2.25841257776213,-47.0048750551624,11.3904441128281,37.4752582615731,11.6121765599242
"B06","A","2","C-P-T",3,0.082775,0.00463680924774786,NA,NA,NA,NA,NA,NA,NA,NA,NA,NA,NA,NA,9.43112037315223,0.562484222580545,NA,NA,NA,NA,NA,NA,NA,NA,NA,NA,NA,NA,0.235039464534975,NA,NA,0.770852765195773,NA,5.49284578424535,0.125409529188314,NA,NA,0.645488585927355,NA,0.813553630605321,NA,NA,NA,NA,NA,NA,NA,NA,NA,NA,NA,NA,NA,NA,0,0,8.31120206103332,0.240598999229395,10.6495351057082,2.17397124919166,91.7376917353773,9.34462751835355,-9.52961679358932,2.25841257776213,-91.7376917353773,9.34462751835355,82.208074941788,9.61366167639389
"B07","A","1","E-P-S",3,0.091125,0.00216794833886788,NA,6e+05,NA,16200000,9800000,NA,NA,346410.16,NA,1800000,1400000,NA,30.5512849129792,1.23232357733621,NA,3.07013848572107,NA,46.4873660221837,1.39004526157951,NA,NA,2.1338707916266,NA,6.47394062166029,0.644619682061593,NA,NA,3.16050734839688,NA,0.770852765195773,1.3925136483846,NA,NA,2.19602385994207,NA,0.645488585927355,0.645764238103032,NA,50.9475497694843,9.25243109534849,NA,NA,-0.090368862675807,3.06201328357537,NA,NA,45.7165132569879,6.50604047692187,-0.00246838680508477,0.912439579212771,NA,NA,45.623676007507,7.24824351286929,1.8347751559121,0.140531437436208,47.6990110539525,1.64411899164929,91.0833491901469,10.2327699076086,-18.9825012968854,2.05948968020441,-45.4596731826399,12.5398011947523,26.4771718857545,12.7077972814639
"B07","A","2","E-P-S",3,0.077575,0.000836660026534076,NA,NA,NA,NA,NA,NA,NA,NA,NA,NA,NA,NA,30.5512849129792,1.23232357733621,NA,NA,NA,NA,NA,NA,NA,NA,NA,NA,NA,NA,NA,3.16050734839688,NA,0.770852765195773,1.3925136483846,NA,NA,2.19602385994207,NA,0.645488585927355,0.645764238103032,NA,NA,NA,NA,NA,NA,NA,NA,NA,NA,NA,NA,NA,NA,NA,0,0,1.8347751559121,0.140531437436208,47.6990110539525,1.64411899164929,91.0833491901469,10.2327699076086,-18.9825012968854,2.05948968020441,-91.0833491901469,10.2327699076086,72.1008478932615,10.437963293906
"B09","A","1","C-E-M-P",4,0.308925,0.0530801281083609,27400000,1e+06,5800000,12800000,NA,NA,2340939.98,447213.6,1077032.96,1600000,NA,NA,11.7094348051329,1.4643783659362,0.249752733137498,3.10672899248889,4.91902770800352,46.453485096307,NA,NA,0.133101399474052,2.15879959459042,2.61175978222149,6.46951828133537,NA,NA,0.235039464534975,3.16050734839688,4.93121718538121,0.770852765195773,NA,NA,0.125409529188314,2.19602385994207,2.6182306025831,0.645488585927355,NA,NA,54.7289945299369,11.3731790576213,0.0147132686025221,0.182875729809031,-0.0537783559079874,3.07943768942296,-0.0121894773776958,3.69816449719753,45.6826323311112,6.50163997058397,NA,NA,NA,NA,45.6313777664281,8.09099023426794,2.94506111942078,0.288335662973337,35.1627705524944,3.42368181183502,133.69217530916,13.8457725292264,-26.3983968667823,3.73485456234298,-88.0607975427322,16.0365064743572,61.6624006759499,16.465681841453
"B09","A","2","C-E-M-P",4,0.266175,0.0530970808990475,NA,NA,NA,NA,NA,NA,NA,NA,NA,NA,NA,NA,11.7094348051329,1.4643783659362,NA,NA,NA,NA,NA,NA,NA,NA,NA,NA,NA,NA,0.235039464534975,3.16050734839688,4.93121718538121,0.770852765195773,NA,NA,0.125409529188314,2.19602385994207,2.6182306025831,0.645488585927355,NA,NA,NA,NA,NA,NA,NA,NA,NA,NA,NA,NA,NA,NA,NA,NA,0,0,2.94506111942078,0.288335662973337,35.1627705524944,3.42368181183502,133.69217530916,13.8457725292264,-26.3983968667823,3.73485456234298,-133.69217530916,13.8457725292264,107.293778442378,14.3406609168802
"B11","A","1","E-P-S-T",4,0.175125,0.0177679486716953,NA,2e+05,NA,1.6e+07,2e+07,2e+06,NA,2e+05,NA,1788854.38,2e+06,632455.53,28.5238606242772,1.93114373887294,NA,2.89939563091757,NA,46.4857705175577,1.39153176460117,5.37286944364732,NA,2.02906217580333,NA,6.47373074614262,0.645308914572665,0.799523082134623,NA,3.16050734839688,NA,0.770852765195773,1.3925136483846,5.49284578424535,NA,2.19602385994207,NA,0.645488585927355,0.645764238103032,0.813553630605321,56.1495673567238,9.94762491865324,NA,NA,-0.261111717479314,2.98991874583752,NA,NA,45.714917752362,6.50583163693273,-0.000981883783433002,0.912926638038206,-0.119976340598031,1.14066062820505,45.3328478105012,7.30753043852725,9.80601960618185,0.247057028749818,60.4777470867145,2.55166434865138,136.857030304377,12.6914549441334,-41.7599060686191,3.2095707289015,-91.5241824938756,14.644897736378,49.7642764252565,14.9924772460321
"B11","A","2","E-P-S-T",4,0.168375,0.012401612798342,NA,NA,NA,NA,NA,NA,NA,NA,NA,NA,NA,NA,28.5238606242772,1.93114373887294,NA,NA,NA,NA,NA,NA,NA,NA,NA,NA,NA,NA,NA,3.16050734839688,NA,0.770852765195773,1.3925136483846,5.49284578424535,NA,2.19602385994207,NA,0.645488585927355,0.645764238103032,0.813553630605321,NA,NA,NA,NA,NA,NA,NA,NA,NA,NA,NA,NA,NA,NA,0,0,9.80601960618185,0.247057028749818,60.4777470867145,2.55166434865138,136.857030304377,12.6914549441334,-41.7599060686191,3.2095707289015,-136.857030304377,12.6914549441334,95.0971242357577,13.0910035086233
"C02","A","1","C-M",2,0.085125,0.00148323969741913,5e+05,NA,377500000,NA,NA,NA,353553.39,NA,30720514.32,NA,NA,NA,0,0,0.186124213555425,NA,4.93226044008153,NA,NA,NA,0.104906628047059,NA,2.61878451770394,NA,NA,NA,0.235039464534975,NA,4.93121718538121,NA,NA,NA,0.125409529188314,NA,2.6182306025831,NA,NA,NA,5.11838465363695,2.723691145751,-0.0489152509795508,0.163502142553052,NA,NA,0.00104325470031252,3.70312892544514,NA,NA,NA,NA,NA,NA,-0.0478719962792383,3.70673667652397,2.60510350865721,0.257948961344854,-2.60510350865721,0.257948961344854,-0.0478719962792383,3.70673667652397,0,0.364794919533946,0,5.24211728008596,0,5.25479484961056
"C02","A","2","C-M",2,0.087775,0.00264575131106459,NA,NA,NA,NA,NA,NA,NA,NA,NA,NA,NA,NA,0,0,NA,NA,NA,NA,NA,NA,NA,NA,NA,NA,NA,NA,0.235039464534975,NA,4.93121718538121,NA,NA,NA,0.125409529188314,NA,2.6182306025831,NA,NA,NA,NA,NA,NA,NA,NA,NA,NA,NA,NA,NA,NA,NA,NA,NA,0,0,2.60510350865721,0.257948961344854,-2.60510350865721,0.257948961344854,-0.0478719962792383,3.70673667652397,0,0.364794919533946,0.0478719962792383,3.70673667652397,-0.0478719962792383,3.72464389202588
"C03","A","1","E-P",2,0.186525,0.0169056203672033,NA,5e+05,NA,7750000,NA,NA,NA,353553.39,NA,5656854.24520773,NA,NA,16.5688603364037,1.27040061643595,NA,3.05216455748863,NA,46.3486074834077,NA,NA,NA,2.12209812145424,NA,6.45906169023125,NA,NA,NA,3.16050734839688,NA,0.770852765195773,NA,NA,NA,2.19602385994207,NA,0.645488585927355,NA,NA,49.4007720408963,8.58115981168549,NA,NA,-0.108342790908249,3.05382075939543,NA,NA,45.5777547182119,6.4912351238247,NA,NA,NA,NA,45.4694119273037,7.17369881325457,0.339957610763573,0.128840164092509,16.2289027256401,1.27691719156891,45.4694119273037,7.17369881325457,0,1.80583361034411,0,10.1451421540844,0,10.3046079185396
"C03","A","2","E-P",2,0.179775,0.0217600551469889,NA,NA,NA,NA,NA,NA,NA,NA,NA,NA,NA,NA,16.5688603364037,1.27040061643595,NA,NA,NA,NA,NA,NA,NA,NA,NA,NA,NA,NA,NA,3.16050734839688,NA,0.770852765195773,NA,NA,NA,2.19602385994207,NA,0.645488585927355,NA,NA,NA,NA,NA,NA,NA,NA,NA,NA,NA,NA,NA,NA,NA,NA,0,0,0.339957610763573,0.128840164092509,16.2289027256401,1.27691719156891,45.4694119273037,7.17369881325457,0,1.80583361034411,-45.4694119273037,7.17369881325457,45.4694119273037,7.39749888080684
"C04","B","1","C-E-M-P-S-T",6,0.300925,0.0288357417105924,0,0,0,11400000,114200000,2400000,0,0,0,1509966.89,4779121.26,692820.32,24.5051141229292,0.47265177002643,0,0,0,46.4336829281776,1.39271210945054,5.43603234163703,0,0,0,6.46696740539727,0.645856271904463,0.805295512576994,0.235039464534975,3.16050734839688,4.93121718538121,0.770852765195773,1.3925136483846,5.49284578424535,0.125409529188314,2.19602385994207,2.6182306025831,0.645488585927355,0.645764238103032,0.813553630605321,53.2624273792652,7.91811918987872,-0.235039464534975,0.125409529188314,-3.16050734839688,2.19602385994207,-4.93121718538121,2.6182306025831,45.6628301629818,6.49910170231495,0.000198461065940903,0.913313623664468,-0.0568134426083171,1.14471410074644,37.2794511831264,7.48840536538993,12.4111231148391,0.357176205973435,78.7223995408783,4.3516839318247,224.728035822683,18.2144257050922,-66.6284085327882,4.39182508535164,-187.448584639557,19.693692357776,120.820176106769,20.1774539093278
"C04","B","2","C-E-M-P-S-T",6,0.278575,0.00936482781475453,NA,NA,NA,NA,NA,NA,NA,NA,NA,NA,NA,NA,24.5051141229292,0.47265177002643,NA,NA,NA,NA,NA,NA,NA,NA,NA,NA,NA,NA,0.235039464534975,3.16050734839688,4.93121718538121,0.770852765195773,1.3925136483846,5.49284578424535,0.125409529188314,2.19602385994207,2.6182306025831,0.645488585927355,0.645764238103032,0.813553630605321,NA,NA,NA,NA,NA,NA,NA,NA,NA,NA,NA,NA,NA,NA,0,0,12.4111231148391,0.357176205973435,78.7223995408783,4.3516839318247,224.728035822683,18.2144257050922,-66.6284085327882,4.39182508535164,-224.728035822683,18.2144257050922,158.099627289895,18.7364199180806
"C05","A","1","C-E-P",3,0.254925,0.0300582767303783,9666666.67,166666.67,NA,10333333.33,NA,NA,1269295.52,166666.67,NA,1312334.65,NA,NA,10.0102287513234,0.715198481518576,0.246874954826569,2.85181533105518,NA,46.4150095408395,NA,NA,0.131568934816398,2.00133090333532,NA,6.46457521639254,NA,NA,0.235039464534975,3.16050734839688,NA,0.770852765195773,NA,NA,0.125409529188314,2.19602385994207,NA,0.645488585927355,NA,NA,49.5136998267212,8.59747505454426,0.0118354902915938,0.181763402861952,-0.308692017341699,2.97116916012533,NA,NA,45.6441567756437,6.49672134564498,NA,NA,NA,NA,45.3473002485936,7.14620685088662,0.339957610763573,0.128840164092509,19.2542267282966,1.31423451940021,91.2018041674935,10.1714130721647,-9.58395558773676,1.50177262854034,-45.8545039188999,12.4308453550135,36.2705483311632,12.5212314597285
"C05","A","2","C-E-P",3,0.298575,0.0495751954106083,NA,NA,NA,NA,NA,NA,NA,NA,NA,NA,NA,NA,10.0102287513234,0.715198481518576,NA,NA,NA,NA,NA,NA,NA,NA,NA,NA,NA,NA,0.235039464534975,3.16050734839688,NA,0.770852765195773,NA,NA,0.125409529188314,2.19602385994207,NA,0.645488585927355,NA,NA,NA,NA,NA,NA,NA,NA,NA,NA,NA,NA,NA,NA,NA,NA,0,0,0.339957610763573,0.128840164092509,19.2542267282966,1.31423451940021,91.2018041674935,10.1714130721647,-9.58395558773676,1.50177262854034,-91.2018041674935,10.1714130721647,81.6178485797568,10.2816810353383
"C07","A","1","E-P-T",3,0.160925,0.0139283882771841,NA,4e+05,NA,3600000,NA,10400000,NA,282842.71,NA,848528.14,NA,1442220.51,16.7659524353178,1.12702572555783,NA,3.02559483207151,NA,46.0448619816297,NA,5.69346216024682,NA,2.10434340842175,NA,6.42240647046913,NA,0.837955275753145,NA,3.16050734839688,NA,0.770852765195773,NA,5.49284578424535,NA,2.19602385994207,NA,0.645488585927355,NA,0.813553630605321,54.763918973948,9.36470515464403,NA,NA,-0.134912516325373,3.04150981816645,NA,NA,45.2740092164339,6.45476261271368,NA,NA,0.200616376001467,1.16792061118624,45.33971307611,7.23040669081089,8.31120206103332,0.240598999229395,27.0449613674265,2.24681352602988,91.1980369775547,10.2805534121565,-18.590210993142,2.52512294458114,-45.8583239014447,12.5685543868308,27.2681129083027,12.8197037898687
"C07","A","2","E-P-T",3,0.131975,0.0120913192001535,NA,NA,NA,NA,NA,NA,NA,NA,NA,NA,NA,NA,16.7659524353178,1.12702572555783,NA,NA,NA,NA,NA,NA,NA,NA,NA,NA,NA,NA,NA,3.16050734839688,NA,0.770852765195773,NA,5.49284578424535,NA,2.19602385994207,NA,0.645488585927355,NA,0.813553630605321,NA,NA,NA,NA,NA,NA,NA,NA,NA,NA,NA,NA,NA,NA,0,0,8.31120206103332,0.240598999229395,27.0449613674265,2.24681352602988,91.1980369775547,10.2805534121565,-18.590210993142,2.52512294458114,-91.1980369775547,10.2805534121565,72.6078259844128,10.586124141793
"C09","A","1","C-E-M-T",4,0.125725,0.0144982757595515,2e+06,2e+05,2e+05,NA,NA,1.2e+07,632455.53,2e+05,2e+05,NA,NA,1549193.34,9.53037483024748,0.699214046588479,0.231102866892418,2.89939563091757,4.57034162866115,NA,NA,5.70426745678971,0.123302823141399,2.02906217580333,2.44971209011299,NA,NA,0.839519515161287,0.235039464534975,3.16050734839688,4.93121718538121,NA,NA,5.49284578424535,0.125409529188314,2.19602385994207,2.6182306025831,NA,NA,0.813553630605321,13.4051075832608,5.441596604219,-0.00393659764255738,0.175872499856782,-0.261111717479314,2.98991874583752,-0.360875556720061,3.58555725275004,NA,NA,NA,NA,0.211421672544357,1.16904342357662,-0.414502199297576,4.81595562498998,10.576347958927,0.328368325521343,1.38321996733954,1.68299942506885,-3.40377048718694,8.26480301939232,-2.42919309601902,1.85181346386033,2.98926828788937,9.56558401412214,-5.41846138390838,9.74318277752006
"C09","A","2","C-E-M-T",4,0.105575,0.00676017751246223,NA,NA,NA,NA,NA,NA,NA,NA,NA,NA,NA,NA,9.53037483024748,0.699214046588479,NA,NA,NA,NA,NA,NA,NA,NA,NA,NA,NA,NA,0.235039464534975,3.16050734839688,4.93121718538121,NA,NA,5.49284578424535,0.125409529188314,2.19602385994207,2.6182306025831,NA,NA,0.813553630605321,NA,NA,NA,NA,NA,NA,NA,NA,NA,NA,NA,NA,NA,NA,0,0,10.576347958927,0.328368325521343,1.38321996733954,1.68299942506885,-3.40377048718694,8.26480301939232,-2.42919309601902,1.85181346386033,3.40377048718694,8.26480301939232,-5.83296358320596,8.4697214862291
"D01","A","1","M",1,0.046525,0.00114017542509914,NA,NA,62500000,NA,NA,NA,NA,NA,3952847.08,NA,NA,NA,2.60510350865721,0.257948961344854,NA,NA,4.93121718538121,NA,NA,NA,NA,NA,2.6182306025831,NA,NA,NA,NA,NA,4.93121718538121,NA,NA,NA,NA,NA,2.6182306025831,NA,NA,NA,4.93121718538121,2.6182306025831,NA,NA,NA,NA,0,3.7027372275933,NA,NA,NA,NA,NA,NA,0,3.7027372275933,2.60510350865721,0.257948961344854,0,0,0,0,0,0.364794919533946,0,3.7027372275933,0,3.72066369212847
"D01","A","2","M",1,0.066975,0.00130384048104053,NA,NA,NA,NA,NA,NA,NA,NA,NA,NA,NA,NA,2.60510350865721,0.257948961344854,NA,NA,NA,NA,NA,NA,NA,NA,NA,NA,NA,NA,NA,NA,4.93121718538121,NA,NA,NA,NA,NA,2.6182306025831,NA,NA,NA,NA,NA,NA,NA,NA,NA,NA,NA,NA,NA,NA,NA,NA,NA,0,0,2.60510350865721,0.257948961344854,0,0,0,0,0,0.364794919533946,0,0,0,0.364794919533946
"D02","A","1","C-P",2,0.111725,0.00370135110466435,4125000,NA,NA,20375000,NA,NA,3648629.88405295,NA,NA,9127568.1328305,NA,NA,2.86772662988356,0.256380031742829,0.241108145396511,NA,NA,46.5135361739383,NA,NA,0.128787854317261,NA,NA,6.47755775370353,NA,NA,0.235039464534975,NA,NA,0.770852765195773,NA,NA,0.125409529188314,NA,NA,0.645488585927355,NA,NA,46.7546443193349,6.60634560802079,0.00606868086153578,0.179760566951928,NA,NA,NA,NA,45.7426834087426,6.50963977245494,NA,NA,NA,NA,45.7487520896041,6.51212130020303,0.339957610763573,0.128840164092509,2.52776901911999,0.286932933905884,45.7487520896041,6.51212130020303,0,0.405784446621205,0,9.20953026256585,0,9.21846563557276
"D02","A","2","C-P",2,0.138575,0.00535723809439155,NA,NA,NA,NA,NA,NA,NA,NA,NA,NA,NA,NA,2.86772662988356,0.256380031742829,NA,NA,NA,NA,NA,NA,NA,NA,NA,NA,NA,NA,0.235039464534975,NA,NA,0.770852765195773,NA,NA,0.125409529188314,NA,NA,0.645488585927355,NA,NA,NA,NA,NA,NA,NA,NA,NA,NA,NA,NA,NA,NA,NA,NA,0,0,0.339957610763573,0.128840164092509,2.52776901911999,0.286932933905884,45.7487520896041,6.51212130020303,0,0.405784446621205,-45.7487520896041,6.51212130020303,45.7487520896041,6.5247517075884
"D03","A","1","E-S",2,0.143325,0.0137222447143315,NA,250000,NA,NA,1.6e+08,NA,NA,250000,NA,NA,6324555.32,NA,1.38529816487041,0.0738498512300494,NA,2.94859055532283,NA,NA,1.39278390939591,NA,NA,2.05852724720479,NA,NA,0.645889568362455,NA,NA,3.16050734839688,NA,NA,1.3925136483846,NA,NA,2.19602385994207,NA,NA,0.645764238103032,NA,4.34137446471874,2.70441681556725,NA,NA,-0.211916793074049,3.00999256160533,NA,NA,NA,NA,0.000270261011314332,0.91333716979669,NA,NA,-0.211646532062735,3.14551108830531,1.49481754514853,0.0561185978486826,-0.10951938027812,0.0927528843282115,-0.211646532062735,3.14551108830531,0,0.13117238696618,0,4.44842444167632,0,4.45035798654509
"D03","A","2","E-S",2,0.129975,0.00756306816047561,NA,NA,NA,NA,NA,NA,NA,NA,NA,NA,NA,NA,1.38529816487041,0.0738498512300494,NA,NA,NA,NA,NA,NA,NA,NA,NA,NA,NA,NA,NA,3.16050734839688,NA,NA,1.3925136483846,NA,NA,2.19602385994207,NA,NA,0.645764238103032,NA,NA,NA,NA,NA,NA,NA,NA,NA,NA,NA,NA,NA,NA,NA,0,0,1.49481754514853,0.0561185978486826,-0.10951938027812,0.0927528843282115,-0.211646532062735,3.14551108830531,0,0.13117238696618,0.211646532062735,3.14551108830531,-0.211646532062735,3.14824493992352
"D05","A","1","C-E-T",3,0.307125,0.0475468190313506,166666.67,166666.67,NA,NA,666666.67,NA,166666.67,166666.67,NA,NA,333333.33,NA,10.12096222362,0.539914412568263,0.122530514070348,2.85181533105518,NA,NA,NA,NA,0.0905966819822166,2.00133090333532,NA,NA,NA,NA,0.235039464534975,3.16050734839688,NA,NA,NA,5.49284578424535,0.125409529188314,2.19602385994207,NA,NA,NA,0.813553630605321,NA,NA,-0.112508950464628,0.154710403003229,-0.308692017341699,2.97116916012533,NA,NA,NA,NA,NA,NA,NA,NA,-0.421200967806327,2.97519436119344,7.97124445026975,0.203194710922311,4.41751622842689,1.44986619895615,0.0202605830842275,4.65633971046428,-2.26779845507664,1.56041906496982,-0.441461550890554,5.52569280598585,-1.82633690418608,5.74179315583948
"D05","A","2","C-E-T",3,0.119775,0.00758287544405156,NA,NA,NA,NA,NA,NA,NA,NA,NA,NA,NA,NA,10.12096222362,0.539914412568263,NA,NA,NA,NA,NA,NA,NA,NA,NA,NA,NA,NA,0.235039464534975,3.16050734839688,NA,NA,NA,5.49284578424535,0.125409529188314,2.19602385994207,NA,NA,NA,0.813553630605321,NA,NA,NA,NA,NA,NA,NA,NA,NA,NA,NA,NA,NA,NA,0,0,7.97124445026975,0.203194710922311,4.41751622842689,1.44986619895615,0.0202605830842275,4.65633971046428,-2.26779845507664,1.56041906496982,-0.0202605830842275,4.65633971046428,-2.24753787199241,4.91084586986477
"D07","A","1","E-S-T",3,0.167525,0.0211494680784175,NA,2e+05,NA,NA,2600000,6400000,NA,2e+05,NA,NA,721110.26,1131370.85,12.030689941714,0.618418419031017,NA,2.89939563091757,NA,NA,1.38202887300177,5.6433532077977,NA,2.02906217580333,NA,NA,0.64090909049093,0.830819582649678,NA,3.16050734839688,NA,NA,1.3925136483846,5.49284578424535,NA,2.19602385994207,NA,NA,0.645764238103032,0.813553630605321,9.92477771171704,3.50079084894394,NA,NA,-0.261111717479314,2.98991874583752,NA,NA,NA,NA,-0.0104847753828272,0.909821913061397,0.150507423552354,1.162811544828,-0.121089069309787,3.33459453441983,9.46606199541828,0.210801773169259,5.16028491074175,0.910825787199017,-0.278437549595771,4.76795280641934,-2.59565696444603,1.12092923201906,0.157348480285984,5.8183240433328,-2.75300544473201,5.92531661739855
"D07","A","2","E-S-T",3,0.115975,0.0120706255016051,NA,NA,NA,NA,NA,NA,NA,NA,NA,NA,NA,NA,12.030689941714,0.618418419031017,NA,NA,NA,NA,NA,NA,NA,NA,NA,NA,NA,NA,NA,3.16050734839688,NA,NA,1.3925136483846,5.49284578424535,NA,2.19602385994207,NA,NA,0.645764238103032,0.813553630605321,NA,NA,NA,NA,NA,NA,NA,NA,NA,NA,NA,NA,NA,NA,0,0,9.46606199541828,0.210801773169259,5.16028491074175,0.910825787199017,-0.278437549595771,4.76795280641934,-2.59565696444603,1.12092923201906,0.278437549595771,4.76795280641934,-2.8740945140418,4.89794408986432
"D09","A","1","C-E-P-T",4,0.163725,0.0161462069849237,2400000,4e+05,NA,7600000,NA,11400000,692820.32,282842.71,NA,1232882.8,NA,1509966.89,15.2965811598122,1.08113155888112,0.23424776459191,3.02559483207151,NA,46.3433733065485,NA,5.70056629552709,0.12492298912329,2.10434340842175,NA,6.45565992221257,NA,0.838982897367476,0.235039464534975,3.16050734839688,NA,0.770852765195773,NA,5.49284578424535,0.125409529188314,2.19602385994207,NA,0.645488585927355,NA,0.813553630605321,55.303782198739,9.52390921712508,-0.000791699943064966,0.177012155579023,-0.134912516325373,3.04150981816645,NA,NA,45.5725205413527,6.4878502252922,NA,NA,0.207720511281737,1.16865812449417,45.644536836366,7.26223640726436,8.31120206103332,0.240598999229395,30.6831197149291,2.60803051936911,137.078896731755,12.6125133359854,-23.6977406161502,2.83347075439286,-91.4343598953889,14.553885058135,67.7366192792387,14.8271415586891
"D09","A","2","C-E-P-T",4,0.163375,0.0018165902124585,NA,NA,NA,NA,NA,NA,NA,NA,NA,NA,NA,NA,15.2965811598122,1.08113155888112,NA,NA,NA,NA,NA,NA,NA,NA,NA,NA,NA,NA,0.235039464534975,3.16050734839688,NA,0.770852765195773,NA,5.49284578424535,0.125409529188314,2.19602385994207,NA,0.645488585927355,NA,0.813553630605321,NA,NA,NA,NA,NA,NA,NA,NA,NA,NA,NA,NA,NA,NA,0,0,8.31120206103332,0.240598999229395,30.6831197149291,2.60803051936911,137.078896731755,12.6125133359854,-23.6977406161502,2.83347075439286,-137.078896731755,12.6125133359854,113.381156115605,12.9268731395651
"E01","A","1","P",1,-0.008075,0,NA,NA,NA,750,NA,NA,NA,NA,NA,433.0127,NA,NA,0.339957610763573,0.128840164092509,NA,NA,NA,0.770852765195773,NA,NA,NA,NA,NA,0.645488585927355,NA,NA,NA,NA,NA,0.770852765195773,NA,NA,NA,NA,NA,0.645488585927355,NA,NA,0.770852765195773,0.645488585927355,NA,NA,NA,NA,NA,NA,0,0.912858712575497,NA,NA,NA,NA,0,0.912858712575497,0.339957610763573,0.128840164092509,0,0,0,0,0,0.182207507438001,0,0.912858712575497,0,0.930865513858883
"E01","A","2","P",1,-0.002825,0.000894427190999913,NA,NA,NA,NA,NA,NA,NA,NA,NA,NA,NA,NA,0.339957610763573,0.128840164092509,NA,NA,NA,NA,NA,NA,NA,NA,NA,NA,NA,NA,NA,NA,NA,0.770852765195773,NA,NA,NA,NA,NA,0.645488585927355,NA,NA,NA,NA,NA,NA,NA,NA,NA,NA,NA,NA,NA,NA,NA,NA,0,0,0.339957610763573,0.128840164092509,0,0,0,0,0,0.182207507438001,0,0,0,0.182207507438001
"E02","A","1","C-S",2,0.399125,0.0373121963974248,3500000,NA,NA,NA,767500000,NA,2715695.12210491,NA,NA,NA,43803538.67,NA,1.95347598657458,0.069093430194144,0.239366458129256,NA,NA,NA,1.39292563855759,NA,0.127873098875475,NA,NA,NA,0.645955293804378,NA,0.235039464534975,NA,NA,NA,1.3925136483846,NA,0.125409529188314,NA,NA,NA,0.645764238103032,NA,1.63229209668685,0.773828392679853,0.00432699359428057,0.179106335530745,NA,NA,NA,NA,NA,NA,0.000411990172994203,0.913383650393793,NA,NA,0.00473898376727477,0.930778583893045,1.49481754514853,0.0561185978486826,0.45865844142605,0.089012353752135,0.00473898376727477,0.930778583893045,0,0.125882477895021,0,1.31631969690797,0,1.32232520308314
"E02","A","2","C-S",2,0.308375,0.0236495243081124,NA,NA,NA,NA,NA,NA,NA,NA,NA,NA,NA,NA,1.95347598657458,0.069093430194144,NA,NA,NA,NA,NA,NA,NA,NA,NA,NA,NA,NA,0.235039464534975,NA,NA,NA,1.3925136483846,NA,0.125409529188314,NA,NA,NA,0.645764238103032,NA,NA,NA,NA,NA,NA,NA,NA,NA,NA,NA,NA,NA,NA,NA,0,0,1.49481754514853,0.0561185978486826,0.45865844142605,0.089012353752135,0.00473898376727477,0.930778583893045,0,0.125882477895021,-0.00473898376727477,0.930778583893045,0.00473898376727477,0.93925245300448
"E03","A","1","E-T",2,0.152525,0.0142583308981101,NA,5e+05,NA,NA,NA,2875000,NA,353553.39,NA,NA,NA,2657536.4535683,11.278371350314,0.624101148595879,NA,3.05216455748863,NA,NA,NA,5.48934149364176,NA,2.12209812145424,NA,NA,NA,0.846060516281364,NA,3.16050734839688,NA,NA,NA,5.49284578424535,NA,2.19602385994207,NA,NA,NA,0.813553630605321,8.54150605113039,2.9681586377356,NA,NA,-0.108342790908249,3.05382075939543,NA,NA,NA,NA,NA,NA,-0.00350429060358515,1.17374950780879,-0.111847081511834,3.2716217901212,7.97124445026975,0.203194710922311,3.30712690004425,0.656346199977951,-0.111847081511834,3.2716217901212,0,0.928213697620862,0,4.62677190654475,0,4.71896163828895
"E03","A","2","E-T",2,0.134375,0.00626897120746299,NA,NA,NA,NA,NA,NA,NA,NA,NA,NA,NA,NA,11.278371350314,0.624101148595879,NA,NA,NA,NA,NA,NA,NA,NA,NA,NA,NA,NA,NA,3.16050734839688,NA,NA,NA,5.49284578424535,NA,2.19602385994207,NA,NA,NA,0.813553630605321,NA,NA,NA,NA,NA,NA,NA,NA,NA,NA,NA,NA,NA,NA,0,0,7.97124445026975,0.203194710922311,3.30712690004425,0.656346199977951,-0.111847081511834,3.2716217901212,0,0.928213697620862,0.111847081511834,3.2716217901212,-0.111847081511834,3.40074841851714
"E03","B","1","E-M-P-S-T",5,0.194725,0.0215336945274145,NA,20000,0,2800000,10200000,0,NA,20000,0,748331.48,1428285.69,0,37.2815582284598,0.988147816107647,NA,1.65605014122705,0,45.8844178076692,1.39015945127953,0,NA,1.39523832611365,0,6.40741632834664,0.644672621242476,0,NA,3.16050734839688,4.93121718538121,0.770852765195773,1.3925136483846,5.49284578424535,NA,2.19602385994207,2.6182306025831,0.645488585927355,0.645764238103032,0.813553630605321,48.9306274001758,8.44732727570277,NA,NA,-1.50445720716983,2.60177070090569,-4.93121718538121,2.6182306025831,45.1135650424734,6.4398477869687,-0.00235419710506779,0.912476980417827,-5.49284578424535,0.813553630605321,33.1826906685719,7.52266346032993,12.4111231148391,0.357176205973435,77.2306862606069,4.13630753299509,178.890309080995,16.2411004557817,-52.3602511469862,4.2676751230739,-145.707618412423,17.8987097175237,93.3473672654369,18.4004581602818
"E03","B","2","E-M-P-S-T",5,0.172775,0.00678232998312527,NA,NA,NA,NA,NA,NA,NA,NA,NA,NA,NA,NA,37.2815582284598,0.988147816107647,NA,NA,NA,NA,NA,NA,NA,NA,NA,NA,NA,NA,NA,3.16050734839688,4.93121718538121,0.770852765195773,1.3925136483846,5.49284578424535,NA,2.19602385994207,2.6182306025831,0.645488585927355,0.645764238103032,0.813553630605321,NA,NA,NA,NA,NA,NA,NA,NA,NA,NA,NA,NA,NA,NA,0,0,12.4111231148391,0.357176205973435,77.2306862606069,4.13630753299509,178.890309080995,16.2411004557817,-52.3602511469862,4.2676751230739,-178.890309080995,16.2411004557817,126.530057934009,16.7924505350142
"E04","A","1","S-T",2,0.161525,0.0355921339624361,NA,NA,NA,NA,250000,6400000,NA,NA,NA,NA,250000,1705872.21348693,11.4287393863939,0.588024485271409,NA,NA,NA,NA,1.28706228881104,5.6433532077977,NA,NA,NA,NA,0.604829768703542,0.831218869973886,NA,NA,NA,NA,1.3925136483846,5.49284578424535,NA,NA,NA,NA,0.645764238103032,0.813553630605321,6.93041549660875,1.43604863867743,NA,NA,NA,NA,NA,NA,NA,NA,-0.105451359573556,0.884777090753807,0.150507423552354,1.16309686598828,0.0450560639787978,1.46137771297996,9.46606199541828,0.210801773169259,1.96267739097562,0.624668058131684,0.0450560639787978,1.46137771297996,0,0.883414039791093,0,2.06670018144603,0,2.24759204609936
"E04","A","2","S-T",2,0.185375,0.0206349218559218,NA,NA,NA,NA,NA,NA,NA,NA,NA,NA,NA,NA,11.4287393863939,0.588024485271409,NA,NA,NA,NA,NA,NA,NA,NA,NA,NA,NA,NA,NA,NA,NA,NA,1.3925136483846,5.49284578424535,NA,NA,NA,NA,0.645764238103032,0.813553630605321,NA,NA,NA,NA,NA,NA,NA,NA,NA,NA,NA,NA,NA,NA,0,0,9.46606199541828,0.210801773169259,1.96267739097562,0.624668058131684,0.0450560639787978,1.46137771297996,0,0.883414039791093,-0.0450560639787978,1.46137771297996,0.0450560639787978,1.7076431669686
"F01","A","1","S",1,0.227725,0.00903880523078134,NA,NA,NA,NA,63750000,NA,NA,NA,NA,NA,3992179.86,NA,1.49481754514853,0.0561185978486826,NA,NA,NA,NA,1.3925136483846,NA,NA,NA,NA,NA,0.645764238103032,NA,NA,NA,NA,NA,1.3925136483846,NA,NA,NA,NA,NA,0.645764238103032,NA,1.3925136483846,0.645764238103032,NA,NA,NA,NA,NA,NA,NA,NA,0,0.913248543620837,NA,NA,0,0.913248543620837,1.49481754514853,0.0561185978486826,0,0,0,0,0,0.0793636821789685,0,0.913248543620837,0,0.916690512918392
"F01","A","2","S",1,0.176775,0.00406201920231798,NA,NA,NA,NA,NA,NA,NA,NA,NA,NA,NA,NA,1.49481754514853,0.0561185978486826,NA,NA,NA,NA,NA,NA,NA,NA,NA,NA,NA,NA,NA,NA,NA,NA,1.3925136483846,NA,NA,NA,NA,NA,0.645764238103032,NA,NA,NA,NA,NA,NA,NA,NA,NA,NA,NA,NA,NA,NA,NA,0,0,1.49481754514853,0.0561185978486826,0,0,0,0,0,0.0793636821789685,0,0,0,0.0793636821789685
"F02","A","1","C-T",2,0.121125,0.00589067059000925,5e+05,NA,NA,NA,NA,1e+07,353553.39,NA,NA,NA,NA,1581138.83,8.58407879511591,1.27108977684671,0.186124213555425,NA,NA,NA,NA,5.69022854923522,0.104906628047059,NA,NA,NA,NA,0.837509706454709,0.235039464534975,NA,NA,NA,NA,5.49284578424535,0.125409529188314,NA,NA,NA,NA,0.813553630605321,5.87635276279064,0.942416334501767,-0.0489152509795508,0.163502142553052,NA,NA,NA,NA,NA,NA,NA,NA,0.197382764989867,1.16760096705893,0.148467514010316,1.17899320137836,7.97124445026975,0.203194710922311,0.612834344846161,1.28722853889704,0.148467514010316,1.17899320137836,0,1.8204160575819,0,1.66734817533495,0,2.46859566565584
"F02","A","2","C-T",2,0.090175,0.00114017542509914,NA,NA,NA,NA,NA,NA,NA,NA,NA,NA,NA,NA,8.58407879511591,1.27108977684671,NA,NA,NA,NA,NA,NA,NA,NA,NA,NA,NA,NA,0.235039464534975,NA,NA,NA,NA,5.49284578424535,0.125409529188314,NA,NA,NA,NA,0.813553630605321,NA,NA,NA,NA,NA,NA,NA,NA,NA,NA,NA,NA,NA,NA,0,0,7.97124445026975,0.203194710922311,0.612834344846161,1.28722853889704,0.148467514010316,1.17899320137836,0,1.8204160575819,-0.148467514010316,1.17899320137836,0.148467514010316,2.16885674759732
"F03","A","1","M-P",2,0.052325,0.00456070170039655,NA,NA,2500000,18375000,NA,NA,NA,NA,790569.42,6552671.21271904,NA,NA,22.5361088984472,3.1256350813194,NA,NA,4.90139894263442,46.5024799049102,NA,NA,NA,NA,2.60241691286408,6.47605044101402,NA,NA,NA,NA,4.93121718538121,0.770852765195773,NA,NA,NA,NA,2.6182306025831,0.645488585927355,NA,NA,51.4038788475446,9.0784673538781,NA,NA,NA,NA,-0.0298182427467939,3.69157219578104,45.7316271397144,6.50813989010073,NA,NA,NA,NA,45.7018088969676,7.48221826103623,2.94506111942078,0.288335662973337,19.5910477790264,3.13890619740648,45.7018088969676,7.48221826103623,0,4.4390837153892,0,10.5814545413931,0,11.4748701275353
"F03","A","2","M-P",2,0.051175,0.000894427190999917,NA,NA,NA,NA,NA,NA,NA,NA,NA,NA,NA,NA,22.5361088984472,3.1256350813194,NA,NA,NA,NA,NA,NA,NA,NA,NA,NA,NA,NA,NA,NA,4.93121718538121,0.770852765195773,NA,NA,NA,NA,2.6182306025831,0.645488585927355,NA,NA,NA,NA,NA,NA,NA,NA,NA,NA,NA,NA,NA,NA,NA,NA,0,0,2.94506111942078,0.288335662973337,19.5910477790264,3.13890619740648,45.7018088969676,7.48221826103623,0,4.4390837153892,-45.7018088969676,7.48221826103623,45.7018088969676,8.69994565144045
"F04","A","1","M-P-S",3,0.220525,0.0327612576071188,NA,NA,NA,4.9e+07,185500000,NA,NA,NA,NA,3500000,6809919.24,NA,24.1573193175668,1.64381495018283,NA,NA,NA,46.5729671905577,1.39280852163185,NA,NA,NA,NA,6.48542971257033,0.64590098202612,NA,NA,NA,4.93121718538121,0.770852765195773,1.3925136483846,NA,NA,NA,2.6182306025831,0.645488585927355,0.645764238103032,NA,NA,NA,NA,NA,NA,NA,NA,NA,45.8021144253619,6.51747298201171,0.000294873247255856,0.913345241294384,NA,NA,45.8024092986092,6.58115898615492,4.43987866456931,0.293746066470303,48.7617596349131,3.31635617856591,91.2350216455161,10.63805095245,-29.0443189819156,3.71303550280948,-45.4326123469069,12.5091878900259,16.3882933649914,13.0486173333842
"F04","A","2","M-P-S",3,0.139775,0.00158113883008419,NA,NA,NA,NA,NA,NA,NA,NA,NA,NA,NA,NA,24.1573193175668,1.64381495018283,NA,NA,NA,NA,NA,NA,NA,NA,NA,NA,NA,NA,NA,NA,4.93121718538121,0.770852765195773,1.3925136483846,NA,NA,NA,2.6182306025831,0.645488585927355,0.645764238103032,NA,NA,NA,NA,NA,NA,NA,NA,NA,NA,NA,NA,NA,NA,NA,0,0,4.43987866456931,0.293746066470303,48.7617596349131,3.31635617856591,91.2350216455161,10.63805095245,-29.0443189819156,3.71303550280948,-91.2350216455161,10.63805095245,62.1907026636006,11.2674203219746
"G01","A","1","T",1,0.090125,0.00148323969741913,NA,NA,NA,NA,NA,2912500,NA,NA,NA,NA,NA,994673.316679809,7.97124445026975,0.203194710922311,NA,NA,NA,NA,NA,5.49284578424535,NA,NA,NA,NA,NA,0.813553630605321,NA,NA,NA,NA,NA,5.49284578424535,NA,NA,NA,NA,NA,0.813553630605321,5.49284578424535,0.813553630605321,NA,NA,NA,NA,NA,NA,NA,NA,NA,NA,0,1.15053857811992,0,1.15053857811992,7.97124445026975,0.203194710922311,0,0,0,0,0,0.287360715988813,0,1.15053857811992,0,1.18588161333069
"G01","A","2","T",1,0.086775,0.000707106781186548,NA,NA,NA,NA,NA,NA,NA,NA,NA,NA,NA,NA,7.97124445026975,0.203194710922311,NA,NA,NA,NA,NA,NA,NA,NA,NA,NA,NA,NA,NA,NA,NA,NA,NA,5.49284578424535,NA,NA,NA,NA,NA,0.813553630605321,NA,NA,NA,NA,NA,NA,NA,NA,NA,NA,NA,NA,NA,NA,0,0,7.97124445026975,0.203194710922311,0,0,0,0,0,0.287360715988813,0,0,0,0.287360715988813
"G01","B","1","C-E-M-P-S",5,0.095125,0.00496990945591566,5e+05,1250000,5e+05,11500000,132750000,NA,353553.39,559016.99,353553.39,1695582.5,5760859.31,NA,31.0824344495423,1.08220741968552,0.186124213555425,3.11787683098046,4.78094245646509,46.4352566442691,1.3927471585241,NA,0.104906628047059,2.16649502407239,2.54056573878426,6.4671800254317,0.645872525543374,NA,0.235039464534975,3.16050734839688,4.93121718538121,0.770852765195773,1.3925136483846,NA,0.125409529188314,2.19602385994207,2.6182306025831,0.645488585927355,0.645764238103032,NA,55.9129473037942,11.9250199418788,-0.0489152509795508,0.163502142553052,-0.0426305174164199,3.08483735110383,-0.150274728916125,3.64823323834799,45.6644038790734,6.49931327110067,0.000233510139505455,0.913325117613967,NA,NA,45.4228168919008,8.11959333717777,4.43987866456931,0.293746066470303,64.682621469529,3.5893745461232,179.018480509413,16.11367567227,-38.040065684556,3.76046131254482,-133.595663617512,18.0437895031018,95.5555979329564,18.4314787501001
"G01","B","2","C-E-M-P-S",5,0.217175,0.0145189531303052,NA,NA,NA,NA,NA,NA,NA,NA,NA,NA,NA,NA,31.0824344495423,1.08220741968552,NA,NA,NA,NA,NA,NA,NA,NA,NA,NA,NA,NA,0.235039464534975,3.16050734839688,4.93121718538121,0.770852765195773,1.3925136483846,NA,0.125409529188314,2.19602385994207,2.6182306025831,0.645488585927355,0.645764238103032,NA,NA,NA,NA,NA,NA,NA,NA,NA,NA,NA,NA,NA,NA,NA,0,0,4.43987866456931,0.293746066470303,64.682621469529,3.5893745461232,179.018480509413,16.11367567227,-38.040065684556,3.76046131254482,-179.018480509413,16.11367567227,140.978414824857,16.5466495990654
"G02","A","1","P-S",2,0.074125,0.00130384048104053,NA,NA,NA,1.1e+08,59625000,NA,NA,NA,NA,20916500.6659236,15962847.4899438,NA,33.4144028645026,1.02188921225275,NA,NA,NA,46.5964676346076,1.39248257387876,NA,NA,NA,NA,6.4886613018976,0.645749839798864,NA,NA,NA,NA,0.770852765195773,1.3925136483846,NA,NA,NA,NA,0.645488585927355,0.645764238103032,NA,47.9889502084863,7.13441114169646,NA,NA,NA,NA,NA,NA,45.8256148694118,6.52068869102842,-3.10745058376138e-05,0.913238362539073,NA,NA,45.825583794906,6.58432876701331,1.8347751559121,0.140531437436208,31.5796277085905,1.03150697866104,45.825583794906,6.58432876701331,0,1.45877115890494,0,9.31164704143354,0,9.42522062968771
"G02","A","2","P-S",2,0.172375,0.0130115333454593,NA,NA,NA,NA,NA,NA,NA,NA,NA,NA,NA,NA,33.4144028645026,1.02188921225275,NA,NA,NA,NA,NA,NA,NA,NA,NA,NA,NA,NA,NA,NA,NA,0.770852765195773,1.3925136483846,NA,NA,NA,NA,0.645488585927355,0.645764238103032,NA,NA,NA,NA,NA,NA,NA,NA,NA,NA,NA,NA,NA,NA,NA,0,0,1.8347751559121,0.140531437436208,31.5796277085905,1.03150697866104,45.825583794906,6.58432876701331,0,1.45877115890494,-45.825583794906,6.58432876701331,45.825583794906,6.74398981361715
"G02","B","1","C-M-P-S-T",5,0.329325,0.0207797978815964,2e+05,NA,4e+05,7400000,64400000,2e+05,2e+05,NA,282842.71,1216552.51,3588871.69,2e+05,23.8024857246524,2.37077306567493,0.133974385153251,NA,4.7445047490009,46.3360662985378,1.39251818202704,3.30141936892053,0.0949317735981285,NA,2.5223376001578,6.45476897497704,0.64576634039703,1.49537930744611,0.235039464534975,NA,4.93121718538121,0.770852765195773,1.3925136483846,5.49284578424535,0.125409529188314,NA,2.6182306025831,0.645488585927355,0.645764238103032,0.813553630605321,55.9084829836395,11.2131839965761,-0.101065079381724,0.15728824383825,NA,NA,-0.186712436380312,3.63556301794817,45.565213533342,6.48696369921157,4.53364243813148e-06,0.913250030168389,-2.19142641532482,1.70235976897045,43.0860141358976,7.68471277827757,12.4111231148391,0.357176205973435,59.875734758107,4.096066741811,182.76204311739,15.218191364759,-48.4843721482937,4.7461460706992,-139.676028981492,17.0484063448479,91.1916568331988,17.6967245959093
"G02","B","2","C-M-P-S-T",5,0.253175,0.0150764717357875,NA,NA,NA,NA,NA,NA,NA,NA,NA,NA,NA,NA,23.8024857246524,2.37077306567493,NA,NA,NA,NA,NA,NA,NA,NA,NA,NA,NA,NA,0.235039464534975,NA,4.93121718538121,0.770852765195773,1.3925136483846,5.49284578424535,0.125409529188314,NA,2.6182306025831,0.645488585927355,0.645764238103032,0.813553630605321,NA,NA,NA,NA,NA,NA,NA,NA,NA,NA,NA,NA,NA,NA,0,0,12.4111231148391,0.357176205973435,59.875734758107,4.096066741811,182.76204311739,15.218191364759,-48.4843721482937,4.7461460706992,-182.76204311739,15.218191364759,134.277670969096,15.9411182461846
"G03","A","1","M-S",2,0.263525,0.0142407864951343,NA,NA,250000,NA,542500000,NA,NA,NA,250000,NA,36827299.66,NA,1.69100520110189,0.108593629121078,NA,NA,4.63844963184877,NA,1.39291015555957,NA,NA,NA,2.47825760240517,NA,0.645948113725777,NA,NA,NA,4.93121718538121,NA,1.3925136483846,NA,NA,NA,2.6182306025831,NA,0.645764238103032,NA,6.03135978740834,3.12420571613094,NA,NA,NA,NA,-0.292767553532444,3.60512027984943,NA,NA,0.000396507174973859,0.913378572574745,NA,NA,-0.29237104635747,3.71902576611407,4.09992105380574,0.263982885209233,-2.40891585270385,0.285446212041914,-0.29237104635747,3.71902576611407,0,0.403681904397701,0,5.2594966772535,0,5.27496581770714
"G03","A","2","M-S",2,0.216775,0.00543139024560011,NA,NA,NA,NA,NA,NA,NA,NA,NA,NA,NA,NA,1.69100520110189,0.108593629121078,NA,NA,NA,NA,NA,NA,NA,NA,NA,NA,NA,NA,NA,NA,4.93121718538121,NA,1.3925136483846,NA,NA,NA,2.6182306025831,NA,0.645764238103032,NA,NA,NA,NA,NA,NA,NA,NA,NA,NA,NA,NA,NA,NA,NA,0,0,4.09992105380574,0.263982885209233,-2.40891585270385,0.285446212041914,-0.29237104635747,3.71902576611407,0,0.403681904397701,0.29237104635747,3.71902576611407,-0.29237104635747,3.74087045070509
"G04","A","1","M-P-T",3,0.090525,0.00944986772394196,NA,NA,1e+06,7250000,NA,8500000,NA,NA,5e+05,1346291.2,NA,1457737.97,18.4011996486109,1.24066879194219,NA,NA,4.85552310924129,46.3303230961775,NA,5.67543894767525,NA,NA,2.57831897849498,6.45411415111818,NA,0.835398065251881,NA,NA,4.93121718538121,0.770852765195773,NA,5.49284578424535,NA,NA,2.6182306025831,0.645488585927355,NA,0.813553630605321,56.8612851530941,9.86783119486504,NA,NA,NA,NA,-0.0756940761399258,3.67462382335526,45.5594703309818,6.48631212556306,NA,NA,0.182593163429898,1.16608723399996,45.6663694182717,7.54551950966228,10.9163055696905,0.352740053139809,27.7481872145097,3.6644669049992,91.3296877137603,10.6709508139864,-20.2632931355894,3.88484263442199,-45.6633182954886,13.069202574955,25.4000251598992,13.6343704746289
"G04","A","2","M-P-T",3,0.103975,0.00506951674225463,NA,NA,NA,NA,NA,NA,NA,NA,NA,NA,NA,NA,18.4011996486109,1.24066879194219,NA,NA,NA,NA,NA,NA,NA,NA,NA,NA,NA,NA,NA,NA,4.93121718538121,0.770852765195773,NA,5.49284578424535,NA,NA,2.6182306025831,0.645488585927355,NA,0.813553630605321,NA,NA,NA,NA,NA,NA,NA,NA,NA,NA,NA,NA,NA,NA,0,0,10.9163055696905,0.352740053139809,27.7481872145097,3.6644669049992,91.3296877137603,10.6709508139864,-20.2632931355894,3.88484263442199,-91.3296877137603,10.6709508139864,71.066394578171,11.3561082052232
"G06","A","1","E-M-P",3,0.157325,0.0191650723974631,NA,4e+05,1600000,3800000,NA,10800000,NA,282842.71,565685.42,871779.79,NA,1469693.85,21.9501772909361,2.48845717756315,NA,3.02559483207151,4.88409427559168,46.0745399506345,NA,NA,NA,2.10434340842175,2.59326597959039,6.42541011329725,NA,NA,NA,3.16050734839688,4.93121718538121,0.770852765195773,NA,NA,NA,2.19602385994207,2.6182306025831,0.645488585927355,NA,NA,53.9842290582977,11.1230195013094,NA,NA,-0.134912516325373,3.04150981816645,-0.0471229097895378,3.68512685388217,45.3036871854387,6.45775120600237,NA,NA,NA,NA,45.1216517593238,8.03327408606425,2.94506111942078,0.288335662973337,34.7425500584952,3.39975949504846,88.0076550652496,11.22362824227,-15.7374338869798,4.22302275666139,-42.8860033059258,13.802294137661,27.1485694189459,14.4338922216356
"G06","A","2","E-M-P",3,0.060175,0.00151657508881031,NA,NA,NA,NA,NA,NA,NA,NA,NA,NA,NA,NA,21.9501772909361,2.48845717756315,NA,NA,NA,NA,NA,NA,NA,NA,NA,NA,NA,NA,NA,3.16050734839688,4.93121718538121,0.770852765195773,NA,NA,NA,2.19602385994207,2.6182306025831,0.645488585927355,NA,NA,NA,NA,NA,NA,NA,NA,NA,NA,NA,NA,NA,NA,NA,NA,0,0,2.94506111942078,0.288335662973337,34.7425500584952,3.39975949504846,88.0076550652496,11.22362824227,-15.7374338869798,4.22302275666139,-88.0076550652496,11.22362824227,72.2702211782698,11.9918202172965
"G08","A","1","P-S-T",3,0.208525,0.0246840029168691,NA,NA,NA,7400000,18200000,1200000,NA,NA,NA,1216552.51,1907878.4,489897.95,33.1989726140343,0.563990636843554,NA,NA,NA,46.3360662985378,1.39139037649706,5.13424412465082,NA,NA,NA,6.45476897497704,0.645243352430534,0.790612517717222,NA,NA,NA,0.770852765195773,1.3925136483846,5.49284578424535,NA,NA,NA,0.645488585927355,0.645764238103032,0.813553630605321,52.8617007996856,7.8906248451248,NA,NA,NA,NA,NA,NA,45.565213533342,6.48696369921157,-0.0011232718875378,0.912880296133389,-0.358601659594532,1.13443274945775,45.2054886018599,6.64838221923195,9.80601960618185,0.247057028749818,41.0512368413082,2.10738700818752,91.7111119906477,9.43468731815896,-17.6582838334558,2.19549598409549,-46.5056233887877,11.5418504116294,28.847339555332,11.7488090264762
"G08","A","2","P-S-T",3,0.208975,0.0194087609084145,NA,NA,NA,NA,NA,NA,NA,NA,NA,NA,NA,NA,33.1989726140343,0.563990636843554,NA,NA,NA,NA,NA,NA,NA,NA,NA,NA,NA,NA,NA,NA,NA,0.770852765195773,1.3925136483846,5.49284578424535,NA,NA,NA,0.645488585927355,0.645764238103032,0.813553630605321,NA,NA,NA,NA,NA,NA,NA,NA,NA,NA,NA,NA,NA,NA,0,0,9.80601960618185,0.247057028749818,41.0512368413082,2.10738700818752,91.7111119906477,9.43468731815896,-17.6582838334558,2.19549598409549,-91.7111119906477,9.43468731815896,74.0528281571919,9.68677074197634
"G10","A","1","E-M-P-S",4,0.128925,0.0106066017177982,NA,6e+05,0,22400000,4.5e+07,NA,NA,346410.16,0,2116601.05,3e+06,NA,35.8329307179411,0.646652659411066,NA,3.07013848572107,0,46.5227231370553,1.39232651608538,NA,NA,2.1338707916266,0,6.47863205678411,0.645677458156458,NA,NA,3.16050734839688,4.93121718538121,0.770852765195773,1.3925136483846,NA,NA,2.19602385994207,2.6182306025831,0.645488585927355,0.645764238103032,NA,50.9851881388617,9.25818030656717,NA,NA,-0.090368862675807,3.06201328357537,-4.93121718538121,2.6182306025831,45.7518703718595,6.51070878182654,-0.000187132299221737,0.913187182993812,NA,NA,40.7300971915033,7.71066122391796,4.43987866456931,0.293746066470303,63.8037425341037,3.56545283361298,133.329221281735,13.8941933514858,-32.4106904807319,3.63550551123348,-92.5991240902321,15.8903400026086,60.1884336095002,16.3009142602712
"G10","A","2","E-M-P-S",4,0.168575,0.0155145093380358,NA,NA,NA,NA,NA,NA,NA,NA,NA,NA,NA,NA,35.8329307179411,0.646652659411066,NA,NA,NA,NA,NA,NA,NA,NA,NA,NA,NA,NA,NA,3.16050734839688,4.93121718538121,0.770852765195773,1.3925136483846,NA,NA,2.19602385994207,2.6182306025831,0.645488585927355,0.645764238103032,NA,NA,NA,NA,NA,NA,NA,NA,NA,NA,NA,NA,NA,NA,NA,0,0,4.43987866456931,0.293746066470303,63.8037425341037,3.56545283361298,133.329221281735,13.8941933514858,-32.4106904807319,3.63550551123348,-133.329221281735,13.8941933514858,100.918530801003,14.3619465676029
"G11","A","1","M-P-S-T",4,0.217325,0.0253239017530869,NA,NA,0,1.3e+07,5.96e+08,0,NA,NA,0,7211102.54822558,48826222.46,0,36.0125513575433,0.52486187609572,NA,NA,0,46.4559669980017,1.39291489639738,0,NA,NA,0,6.4704097639951,0.645950312243814,0,NA,NA,4.93121718538121,0.770852765195773,1.3925136483846,5.49284578424535,NA,NA,2.6182306025831,0.645488585927355,0.645764238103032,0.813553630605321,47.8488818943991,7.11636007623891,NA,NA,NA,NA,-4.93121718538121,2.6182306025831,45.6851142328059,6.50252704942975,0.00040124801277841,0.913380127384361,-5.49284578424535,0.813553630605321,35.2614525111921,7.11576575526767,12.4111231148391,0.357176205973435,58.881576461372,3.8683347926052,136.907956526288,13.1601426305208,-35.2801482186678,3.92008531779249,-101.646504015096,14.9607311432125,66.3663557964277,15.4657862793413
"G11","A","2","M-P-S-T",4,0.230775,0.0224610774452162,NA,NA,NA,NA,NA,NA,NA,NA,NA,NA,NA,NA,36.0125513575433,0.52486187609572,NA,NA,NA,NA,NA,NA,NA,NA,NA,NA,NA,NA,NA,NA,4.93121718538121,0.770852765195773,1.3925136483846,5.49284578424535,NA,NA,2.6182306025831,0.645488585927355,0.645764238103032,0.813553630605321,NA,NA,NA,NA,NA,NA,NA,NA,NA,NA,NA,NA,NA,NA,0,0,12.4111231148391,0.357176205973435,58.881576461372,3.8683347926052,136.907956526288,13.1601426305208,-35.2801482186678,3.92008531779249,-136.907956526288,13.1601426305208,101.62780830762,13.7315848668106
"H01","B","1","C-E-M-P-T",5,0.239525,0.0289447750034441,4200000,520000,2e+06,9600000,NA,2200000,916515.14,405955.662210691,632455.53,1385640.65,NA,663324.96,13.320361201404,2.30388480929805,0.241283709160677,3.05629368242455,4.89369286464568,46.399775603251,NA,5.40713881202646,0.12860520106526,2.12514530769708,2.5983355354377,6.46265854701019,NA,0.802508779544606,0.235039464534975,3.16050734839688,4.93121718538121,0.770852765195773,NA,5.49284578424535,0.125409529188314,2.19602385994207,2.6182306025831,0.645488585927355,NA,0.813553630605321,59.9981846715083,12.1172533707548,0.00624424462570125,0.179629751857176,-0.104213665972331,3.05593903281165,-0.0375243207355327,3.68869611692546,45.6289228380552,6.49481416283841,NA,NA,-0.0857069722188868,1.14275537676148,45.4077221237541,8.15266889576406,10.9163055696905,0.352740053139809,47.2398712328681,4.16952399872984,179.356674558451,16.1766669065758,-44.8358156011547,4.77673959260785,-133.948952434697,18.1149265063445,89.1131368335426,18.734134713561
"H01","B","2","C-E-M-P-T",5,0.212575,0.0114978258814439,NA,NA,NA,NA,NA,NA,NA,NA,NA,NA,NA,NA,13.320361201404,2.30388480929805,NA,NA,NA,NA,NA,NA,NA,NA,NA,NA,NA,NA,0.235039464534975,3.16050734839688,4.93121718538121,0.770852765195773,NA,5.49284578424535,0.125409529188314,2.19602385994207,2.6182306025831,0.645488585927355,NA,0.813553630605321,NA,NA,NA,NA,NA,NA,NA,NA,NA,NA,NA,NA,NA,NA,0,0,10.9163055696905,0.352740053139809,47.2398712328681,4.16952399872984,179.356674558451,16.1766669065758,-44.8358156011547,4.77673959260785,-179.356674558451,16.1766669065758,134.520858957297,16.8671809542049
"H02","A","1","P-T",2,0.137125,0.00109544511501033,NA,NA,NA,8250000,NA,23875000,NA,NA,NA,5159941.8605333,NA,8591420.14268779,15.8201338027754,1.71142493086051,NA,NA,NA,46.3646874994019,NA,5.73948318180215,NA,NA,NA,6.46004528632103,NA,0.844751166654288,NA,NA,NA,0.770852765195773,NA,5.49284578424535,NA,NA,NA,0.645488585927355,NA,0.813553630605321,52.104170681204,7.30479645297532,NA,NA,NA,NA,NA,NA,45.5938347342061,6.4922138455138,NA,NA,0.246637397556802,1.17280605533689,45.8404721317629,6.59729601119398,8.31120206103332,0.240598999229395,7.50893174174208,1.72825437143989,45.8404721317629,6.59729601119398,0,2.44412077132088,0,9.32998549402044,0,9.64480977849922
"H02","A","2","P-T",2,0.116975,0.000836660026534076,NA,NA,NA,NA,NA,NA,NA,NA,NA,NA,NA,NA,15.8201338027754,1.71142493086051,NA,NA,NA,NA,NA,NA,NA,NA,NA,NA,NA,NA,NA,NA,NA,0.770852765195773,NA,5.49284578424535,NA,NA,NA,0.645488585927355,NA,0.813553630605321,NA,NA,NA,NA,NA,NA,NA,NA,NA,NA,NA,NA,NA,NA,0,0,8.31120206103332,0.240598999229395,7.50893174174208,1.72825437143989,45.8404721317629,6.59729601119398,0,2.44412077132088,-45.8404721317629,6.59729601119398,45.8404721317629,7.03548441858257
"H03","A","1","M-T",2,0.105125,0.00491934955049954,NA,NA,250000,NA,NA,4125000,NA,NA,250000,NA,NA,3648629.88405295,11.2245556526682,0.693467124030279,NA,NA,4.63844963184877,NA,NA,5.57302002280757,NA,NA,2.47825760240517,NA,NA,0.838167505552007,NA,NA,4.93121718538121,NA,NA,5.49284578424535,NA,NA,2.6182306025831,NA,NA,0.813553630605321,10.2114696546563,3.31642510795717,NA,NA,NA,NA,-0.292767553532444,3.60512027984943,NA,NA,NA,NA,0.0801742385622237,1.1680728903773,-0.212593314970221,3.78962880892259,10.576347958927,0.328368325521343,0.648207693741242,0.767282483389603,-0.212593314970221,3.78962880892259,0,1.08510129418089,0,5.35934445793812,0,5.4680908768477
"H03","A","2","M-T",2,0.094775,0.00122474487139158,NA,NA,NA,NA,NA,NA,NA,NA,NA,NA,NA,NA,11.2245556526682,0.693467124030279,NA,NA,NA,NA,NA,NA,NA,NA,NA,NA,NA,NA,NA,NA,4.93121718538121,NA,NA,5.49284578424535,NA,NA,2.6182306025831,NA,NA,0.813553630605321,NA,NA,NA,NA,NA,NA,NA,NA,NA,NA,NA,NA,NA,NA,0,0,10.576347958927,0.328368325521343,0.648207693741242,0.767282483389603,-0.212593314970221,3.78962880892259,0,1.08510129418089,0.212593314970221,3.78962880892259,-0.212593314970221,3.94191975159935
"H04","A","1","M-S-T",3,0.270725,0.0133491572767722,NA,NA,5e+05,NA,1.15e+08,7500000,NA,NA,353553.39,NA,5361902.65,1369306.39,13.3055673460416,0.83280066165817,NA,NA,4.78094245646509,NA,1.39271385426367,5.6623570276232,NA,NA,2.54056573878426,NA,0.645857081063165,0.833548727042844,NA,NA,4.93121718538121,NA,1.3925136483846,5.49284578424535,NA,NA,2.6182306025831,NA,0.645764238103032,0.813553630605321,11.836013338352,4.01997154689027,NA,NA,NA,NA,-0.150274728916125,3.64823323834799,NA,NA,0.00020020587906866,0.91331419586702,0.169511243377852,1.16476306183955,0.0194367203407955,3.93705747633752,12.0711655040755,0.333129185497447,0.201969232013013,1.02976314370616,-0.459908297348893,5.50709215270917,1.0324326099531,1.36562957218423,0.479345017689689,6.7696739618992,0.55308759226341,6.90604298269567
"H04","A","2","M-S-T",3,0.183575,0.0084970583144992,NA,NA,NA,NA,NA,NA,NA,NA,NA,NA,NA,NA,13.3055673460416,0.83280066165817,NA,NA,NA,NA,NA,NA,NA,NA,NA,NA,NA,NA,NA,NA,4.93121718538121,NA,1.3925136483846,5.49284578424535,NA,NA,2.6182306025831,NA,0.645764238103032,0.813553630605321,NA,NA,NA,NA,NA,NA,NA,NA,NA,NA,NA,NA,NA,NA,0,0,12.0711655040755,0.333129185497447,0.201969232013013,1.02976314370616,-0.459908297348893,5.50709215270917,1.0324326099531,1.36562957218423,0.459908297348893,5.50709215270917,0.572524312604205,5.67388827056499
"H05","A","1","C-M-P",3,0.136925,0.0106536378763313,666666.67,NA,2e+06,5e+05,NA,NA,333333.33,NA,577350.27,288675.13,NA,NA,14.9249923059404,0.886576618358238,0.199036800190918,NA,4.89369286464568,42.7974571978507,NA,NA,0.108076495649592,NA,2.59833078904119,6.64666532071556,NA,NA,0.235039464534975,NA,4.93121718538121,0.770852765195773,NA,NA,0.125409529188314,NA,2.6182306025831,0.645488585927355,NA,NA,47.8901868626873,9.35307260540635,-0.0360026643440573,0.165553855053668,NA,NA,-0.0375243207355327,3.68869277354215,42.0266044326549,6.67793496525426,NA,NA,NA,NA,41.9530774475753,7.63077177333136,2.94506111942078,0.288335662973337,19.5137132894892,3.16253067832322,91.4026889902925,10.5892025537068,-7.53378210296958,3.29708292981801,-49.4496115427172,13.0521986109659,41.9158294397476,13.4621931506793
"H05","A","2","C-M-P",3,0.119575,0.00432434966208793,NA,NA,NA,NA,NA,NA,NA,NA,NA,NA,NA,NA,14.9249923059404,0.886576618358238,NA,NA,NA,NA,NA,NA,NA,NA,NA,NA,NA,NA,0.235039464534975,NA,4.93121718538121,0.770852765195773,NA,NA,0.125409529188314,NA,2.6182306025831,0.645488585927355,NA,NA,NA,NA,NA,NA,NA,NA,NA,NA,NA,NA,NA,NA,NA,NA,0,0,2.94506111942078,0.288335662973337,19.5137132894892,3.16253067832322,91.4026889902925,10.5892025537068,-7.53378210296958,3.29708292981801,-91.4026889902925,10.5892025537068,83.8689068873229,11.0906251658564
"H06","A","1","E-M-S",3,0.271125,0.0197154761545341,NA,2e+05,0,NA,3.8e+07,NA,NA,2e+05,0,NA,2756809.75,NA,2.68580584232527,0.172637139894064,NA,2.89939563091757,0,NA,1.39220933778461,NA,NA,2.02906217580333,0,NA,0.64562311881444,NA,NA,3.16050734839688,4.93121718538121,NA,1.3925136483846,NA,NA,2.19602385994207,2.6182306025831,NA,0.645764238103032,NA,4.29160496870218,2.67468529461777,NA,NA,-0.261111717479314,2.98991874583752,-4.93121718538121,2.6182306025831,NA,NA,-0.000304310599987145,0.913148762667111,NA,NA,-5.19263321346051,4.0778163590056,4.09992105380574,0.263982885209233,-3.59583567915335,0.406445114931142,-3.66758333744192,6.49997529282057,2.18172046767288,0.514478548829379,-1.5250498760186,7.67321738679751,3.70677034369148,7.69044558151588
"H06","A","2","E-M-S",3,0.250175,0.00466904701197151,NA,NA,NA,NA,NA,NA,NA,NA,NA,NA,NA,NA,2.68580584232527,0.172637139894064,NA,NA,NA,NA,NA,NA,NA,NA,NA,NA,NA,NA,NA,3.16050734839688,4.93121718538121,NA,1.3925136483846,NA,NA,2.19602385994207,2.6182306025831,NA,0.645764238103032,NA,NA,NA,NA,NA,NA,NA,NA,NA,NA,NA,NA,NA,NA,NA,0,0,4.09992105380574,0.263982885209233,-3.59583567915335,0.406445114931142,-3.66758333744192,6.49997529282057,2.18172046767288,0.514478548829379,3.66758333744192,6.49997529282057,-1.48586286976904,6.52030420950461
"H09","A","1","C-M-P-T",4,0.093925,0.00678232998312526,1e+06,NA,4e+05,4400000,NA,0,447213.6,NA,282842.71,938083.15,NA,0,15.8153021210871,0.78117752623907,0.21387460230021,NA,4.7445047490009,46.1475483309439,NA,0,0.114869359060301,NA,2.5223376001578,6.43309298915261,NA,0,0.235039464534975,NA,4.93121718538121,0.770852765195773,NA,5.49284578424535,0.125409529188314,NA,2.6182306025831,0.645488585927355,NA,0.813553630605321,51.105927682245,9.07029994837071,-0.0211648622347654,0.170066221402603,NA,NA,-0.186712436380312,3.63556301794817,45.3766955657481,6.46539565082037,NA,NA,-5.49284578424535,0.813553630605321,39.6759724828877,7.46387643310449,10.9163055696905,0.352740053139809,28.2836870698187,3.90309405272332,137.179035321096,13.092243385343,-23.3846905184221,3.99609897987953,-97.5030628382078,15.0703778409737,74.1183723197857,15.5911864630857
"H09","A","2","C-M-P-T",4,0.102975,0.00148323969741913,NA,NA,NA,NA,NA,NA,NA,NA,NA,NA,NA,NA,15.8153021210871,0.78117752623907,NA,NA,NA,NA,NA,NA,NA,NA,NA,NA,NA,NA,0.235039464534975,NA,4.93121718538121,0.770852765195773,NA,5.49284578424535,0.125409529188314,NA,2.6182306025831,0.645488585927355,NA,0.813553630605321,NA,NA,NA,NA,NA,NA,NA,NA,NA,NA,NA,NA,NA,NA,0,0,10.9163055696905,0.352740053139809,28.2836870698187,3.90309405272332,137.179035321096,13.092243385343,-23.3846905184221,3.99609897987953,-137.179035321096,13.092243385343,113.794344802673,13.6885223423879
"H10","A","1","E-M-P-T",4,0.168925,0.0281513765205185,NA,2e+05,9e+06,13800000,NA,8400000,NA,2e+05,1341640.79,1661324.77,NA,1296148.14,20.4416359852523,0.916646967221031,NA,2.89939563091757,4.92379789716155,46.4651775307108,NA,5.6742684620136,NA,2.02906217580333,2.61429164737668,6.4710362485867,NA,0.835196596283708,NA,3.16050734839688,4.93121718538121,0.770852765195773,NA,5.49284578424535,NA,2.19602385994207,2.6182306025831,0.645488585927355,NA,0.813553630605321,59.9626395208036,11.9495866680504,NA,NA,-0.261111717479314,2.98991874583752,-0.00741928821966642,3.69995301400519,45.6943247655151,6.50315043998565,NA,NA,0.181422677768252,1.16594290782825,45.6072164375843,8.14123178161371,10.9163055696905,0.352740053139809,46.2068163940227,3.9452174262156,133.52368680053,13.9484386662812,-36.681485978461,4.06563743436621,-87.9164703629461,16.1504983250971,51.2349843844852,16.6543689131917
"H10","A","2","E-M-P-T",4,0.090375,0.00336154726279431,NA,NA,NA,NA,NA,NA,NA,NA,NA,NA,NA,NA,20.4416359852523,0.916646967221031,NA,NA,NA,NA,NA,NA,NA,NA,NA,NA,NA,NA,NA,3.16050734839688,4.93121718538121,0.770852765195773,NA,5.49284578424535,NA,2.19602385994207,2.6182306025831,0.645488585927355,NA,0.813553630605321,NA,NA,NA,NA,NA,NA,NA,NA,NA,NA,NA,NA,NA,NA,0,0,10.9163055696905,0.352740053139809,46.2068163940227,3.9452174262156,133.52368680053,13.9484386662812,-36.681485978461,4.06563743436621,-133.52368680053,13.9484386662812,96.8422008220695,14.5288798251871
