"pair","bg","bg.obs","bg.obs.se","single.1","s1.e","single.2","s2.e","expected.V","expected.se","observed.V","observed.se","epsilon","epsilon.se","eps.zero","eps.zero.se","bg.size","d.epsilon.ABC","d.epsilon.ABC.se"
"C-E","M",2.60510350865721,0.257948961344854,-2.60510350865721,0.257948961344854,-1.07740044617138,0.27407114757141,-3.68250395482859,0.376367719909663,-2.07678653987604,0.273567193294797,1.60571741495255,0.465286653405394,0.497554983536475,0.119851363359158,1,1.10816243141608,0.480474785120136
"C-E","P",0.339957610763573,0.128840164092509,2.52776901911999,0.286932933905884,16.2289027256401,1.27691719156891,18.7566717447601,1.30875819870749,9.67027114055983,0.726710847483276,-9.08640060420029,1.49698252445843,0.497554983536475,0.119851363359158,1,-9.58395558773676,1.50177262854034
"C-E","S-T",11.4287393863939,0.588024485271409,NA,NA,0.6019505553201,0.853354636874686,NA,NA,NA,NA,NA,NA,0.497554983536475,0.119851363359158,2,NA,NA
"C-E","S",1.49481754514853,0.0561185978486826,0.45865844142605,0.089012353752135,-0.10951938027812,0.0927528843282115,0.34913906114793,0.128554644691267,NA,NA,NA,NA,0.497554983536475,0.119851363359158,1,NA,NA
"C-E","M-P",22.5361088984472,3.1256350813194,-7.6111165925068,3.24894025211207,-0.5859316075111,3.99524890165057,-8.1970482000179,5.14952682757689,-10.8266740933143,3.45166607020385,-2.6296258932964,6.19932457676888,0.497554983536475,0.119851363359158,2,-3.12718087683287,6.20048301001057
"C-E","M-P-S",24.1573193175668,1.64381495018283,NA,NA,11.6756114003743,1.76643348370891,NA,NA,6.9251151319755,1.96807024510483,NA,NA,0.497554983536475,0.119851363359158,3,NA,NA
"C-E","T",7.97124445026975,0.203194710922311,0.612834344846161,1.28722853889704,3.30712690004425,0.656346199977951,3.91996124489041,1.44490402642408,2.14971777335025,0.576884445487772,-1.77024347154016,1.55580953494387,0.497554983536475,0.119851363359158,1,-2.26779845507664,1.56041906496982
"C-E","P-S",33.4144028645026,1.02188921225275,NA,NA,-2.8631179515234,1.60089942263006,NA,NA,NA,NA,NA,NA,0.497554983536475,0.119851363359158,2,NA,NA
"C-E","M-S",1.69100520110189,0.108593629121078,NA,NA,0.99480064122338,0.203951362722804,NA,NA,NA,NA,NA,NA,0.497554983536475,0.119851363359158,2,NA,NA
"C-E","M-P-T",18.4011996486109,1.24066879194219,-2.5858975275238,1.46611642743688,2.0404363366414,1.54256303398429,-0.545461190882396,2.12814428378696,-5.0808384472069,2.61670484881532,-4.5353772563245,3.37285374103721,0.497554983536475,0.119851363359158,3,-5.03293223986098,3.37498247517343
"C-E","P-S-T",33.1989726140343,0.563990636843554,NA,NA,-4.6751119897571,2.01181549318901,NA,NA,-1.04625386078219,0.714658397308893,NA,NA,0.497554983536475,0.119851363359158,3,NA,NA
"C-E","M-P-S-T",36.0125513575433,0.52486187609572,-12.2100656328909,2.4281772830476,1.2690068709165,1.11889056455805,-10.9410587619744,2.67356709535509,-11.5074372346141,0.706314154387293,-0.566378472639698,2.76529215419516,0.497554983536475,0.119851363359158,4,-1.06393345617617,2.76788819271161
"C-E","P-T",15.8201338027754,1.71142493086051,-6.38901342962317,1.8014893268135,0.9458186325424,2.049185760257,-5.44319479708077,2.72846588299414,-0.5235526429632,2.02430747209499,4.91964215411757,3.39740295170335,0.497554983536475,0.119851363359158,2,4.4220871705811,3.39951631346897
"C-E","M-T",11.2245556526682,0.693467124030279,-2.614130561447,0.813418878058967,-0.1293310456611,0.949323868832642,-2.7434616071081,1.25014642307135,-1.69418082242072,0.984782684178323,1.04928078468738,1.59143426322784,0.497554983536475,0.119851363359158,2,0.551725801150905,1.59594090225002
"C-E","M-S-T",13.3055673460416,0.83280066165817,NA,NA,-1.214311142812,1.0889843224248,NA,NA,-1.8855477287651,1.60850864102378,NA,NA,0.497554983536475,0.119851363359158,3,NA,NA
"C-E",NA,0,0,0,0,0,0,0,0,0.497554983536475,0.119851363359158,0.497554983536475,0.119851363359158,0.497554983536475,0.119851363359158,0,0,0.169495423531427
"C-M","E",0,0,0.497554983536475,0.119851363359158,1.52770306248583,0.0926138611235951,2.02525804602231,0.151465100175814,0.528316968781174,0.0911117039040756,-1.49694107724113,0.176756949395415,-2.60510350865721,0.257948961344854,1,1.10816243141608,0.312699033926334
"C-M","E-P-S",30.5512849129792,1.23232357733621,NA,NA,5.2816458049619,1.39168281629907,NA,NA,0.531149536563102,1.640059236272,NA,NA,-2.60510350865721,0.257948961344854,3,NA,NA
"C-M","E-P-S-T",28.5238606242772,1.93114373887294,3.6288581289749,1.98039574999167,8.7576976041826,2.16927458996469,12.3865557331575,2.93729800552337,-4.018746501348,1.98814381670373,-16.4053022345055,3.54689094971199,-2.60510350865721,0.257948961344854,4,-13.8001987258483,3.55625829711619
"C-M","E-P",16.5688603364037,1.27040061643595,-6.5586315850803,1.45788428697456,5.3813169545324,2.7939822567093,-1.1773146305479,3.15147004507638,-4.8594255312708,1.93863914250766,-3.6821109007229,3.70001150942487,-2.60510350865721,0.257948961344854,2,-1.07700739206569,3.70899215913642
"C-M","E-P-T",16.7659524353178,1.12702572555783,-1.4693712755056,1.56174019403929,3.6756835499345,1.45273144406827,2.2063122744289,2.13294657276326,-3.4455912339138,2.56477527292031,-5.6519035083427,3.33579574956951,-2.60510350865721,0.257948961344854,3,-3.04679999968549,3.3457541675241
"C-M","E-S",1.38529816487041,0.0738498512300494,NA,NA,1.30050767745486,0.187769493255702,NA,NA,NA,NA,NA,NA,-2.60510350865721,0.257948961344854,2,NA,NA
"C-M","E-S-T",12.030689941714,0.618418419031017,NA,NA,0.0605662615156,0.935292068514178,NA,NA,-0.6106703244375,1.50870290222651,NA,NA,-2.60510350865721,0.257948961344854,3,NA,NA
"C-M","P",0.339957610763573,0.128840164092509,2.52776901911999,0.286932933905884,22.1961512876836,3.12828938070919,24.7239203068036,3.14142085019148,14.5850346951768,0.895889439664802,-10.1388856116268,3.26667152406248,-2.60510350865721,0.257948961344854,1,-7.53378210296958,3.27684001940582
"C-M","E-T",11.278371350314,0.624101148595879,-1.157409126694,0.825233189212375,-0.183146743306899,0.899900772031697,-1.3405558700009,1.22099599347454,-1.74799652006652,0.937231309029597,-0.40744065006562,1.53923154291556,-2.60510350865721,0.257948961344854,2,2.19766285859159,1.5606958093636
"C-M","S-T",11.4287393863939,0.588024485271409,NA,NA,1.8768279596477,1.01947522644594,NA,NA,NA,NA,NA,NA,-2.60510350865721,0.257948961344854,2,NA,NA
"C-M","S",1.49481754514853,0.0561185978486826,0.45865844142605,0.089012353752135,0.19618765595336,0.122236955582951,0.65484609737941,0.151212011529123,NA,NA,NA,NA,-2.60510350865721,0.257948961344854,1,NA,NA
"C-M","T",7.97124445026975,0.203194710922311,0.612834344846161,1.28722853889704,3.25331120239845,0.722623513772994,3.86614554724461,1.47619174025892,0.639180640951451,0.471213019364581,-3.22696490629316,1.54957534945137,-2.60510350865721,0.257948961344854,1,-0.621861397635951,1.570898287696
"C-M","P-S",33.4144028645026,1.02188921225275,NA,NA,-9.2570835469358,1.93555809847267,NA,NA,NA,NA,NA,NA,-2.60510350865721,0.257948961344854,2,NA,NA
"C-M","P-S-T",33.1989726140343,0.563990636843554,NA,NA,2.81357874350901,0.770431974560971,NA,NA,-9.3964868893819,2.43693462517502,NA,NA,-2.60510350865721,0.257948961344854,3,NA,NA
"C-M","P-T",15.8201338027754,1.71142493086051,-6.38901342962317,1.8014893268135,2.5810658458355,2.11381984692882,-3.80794758378767,2.77733651902198,-0.00483168168829984,1.8812797828797,3.80311590209937,3.35452109269938,-2.60510350865721,0.257948961344854,2,6.40821941075658,3.36442408563842
"C-M",NA,0,0,0,0,2.60510350865721,0.257948961344854,2.60510350865721,0.257948961344854,0,0,-2.60510350865721,0.257948961344854,-2.60510350865721,0.257948961344854,0,0,0.364794919533946
"C-P","E-M-T",11.0952246070071,0.648320257144992,-1.56484977675962,0.953529988396371,9.3464113782452,1.12274699658474,7.78156160148558,1.4730173987809,2.2251365943969,2.39336674380231,-5.55642500708868,2.81033532295527,2.52776901911999,0.286932933905884,3,-8.08419402620867,2.82494515628356
"C-P","E-M-S-T",12.0912562032296,0.701662249539412,-0.6712365859531,1.54469188468723,25.1903020252302,1.21192657323248,24.5190654392771,1.96337440075132,12.4138579196996,0.84600804259642,-12.1052075195775,2.13788882911704,2.52776901911999,0.286932933905884,4,-14.6329765386975,2.15705798582775
"C-P","E",0,0,0.497554983536475,0.119851363359158,16.5688603364037,1.27040061643595,17.0664153199402,1.27604156497345,10.0102287513234,0.715198481518576,-7.05618656861677,1.46280242804911,2.52776901911999,0.286932933905884,1,-9.58395558773676,1.49067818527884
"C-P","E-M",1.52770306248583,0.0926138611235951,-0.999386093704656,0.129917935099525,20.4224742284503,2.49018000390289,19.4230881347456,2.4935667469908,10.1817317426471,1.46730410136897,-9.24135639209854,2.89324324030879,2.52776901911999,0.286932933905884,2,-11.7691254112185,2.90743649219589
"C-P","M",2.60510350865721,0.257948961344854,-2.60510350865721,0.257948961344854,19.93100538979,3.13626088331845,17.3259018811328,3.14685080594748,12.3198887972832,0.923339464594911,-5.00601308384959,3.27951608652416,2.52776901911999,0.286932933905884,1,-7.53378210296958,3.29204439069867
"C-P","E-S",1.38529816487041,0.0738498512300494,NA,NA,29.1659867481088,1.234534406076,NA,NA,NA,NA,NA,NA,2.52776901911999,0.286932933905884,2,NA,NA
"C-P","E-S-T",12.030689941714,0.618418419031017,NA,NA,16.4931706825632,2.02774689771307,NA,NA,20.1220288115381,0.758348552707619,NA,NA,2.52776901911999,0.286932933905884,3,NA,NA
"C-P","E-T",11.278371350314,0.624101148595879,-1.157409126694,0.825233189212375,5.4875810850038,1.28828926478018,4.3301719583098,1.5299343274551,4.0182098094982,1.24833797157958,-0.311962148811599,1.97460039947654,2.52776901911999,0.286932933905884,2,-2.83973116793159,1.99533888003335
"C-P","S-T",11.4287393863939,0.588024485271409,NA,NA,21.7702332276404,0.814774958946274,NA,NA,NA,NA,NA,NA,2.52776901911999,0.286932933905884,2,NA,NA
"C-P","S",1.49481754514853,0.0561185978486826,0.45865844142605,0.089012353752135,31.9195853193541,1.02342897122519,32.3782437607801,1.02729258649303,NA,NA,NA,NA,2.52776901911999,0.286932933905884,1,NA,NA
"C-P","T",7.97124445026975,0.203194710922311,0.612834344846161,1.28722853889704,7.84888935250565,1.72344520786641,8.46172369735181,2.15109755610217,1.45987592288248,0.598060691902454,-7.00184777446933,2.23268835421954,2.52776901911999,0.286932933905884,1,-9.52961679358932,2.251050376075
"C-P","M-S",1.69100520110189,0.108593629121078,NA,NA,22.4663141164649,1.64739799888499,NA,NA,NA,NA,NA,NA,2.52776901911999,0.286932933905884,2,NA,NA
"C-P","M-T",11.2245556526682,0.693467124030279,-2.614130561447,0.813418878058967,7.1766439959427,1.42132181556821,4.5625134344957,1.63762204876242,4.5907464684189,1.04457406612065,0.0282330339232022,1.94240597049243,2.52776901911999,0.286932933905884,2,-2.49953598519678,1.96348452063277
"C-P","M-S-T",13.3055673460416,0.83280066165817,NA,NA,22.7069840115017,0.984396734572502,NA,NA,10.4969183786108,2.51279164894107,NA,NA,2.52776901911999,0.286932933905884,3,NA,NA
"C-P","E-M-S",2.68580584232527,0.172637139894064,NA,NA,33.1471248756158,0.669300563270499,NA,NA,28.396628607217,1.09589072506943,NA,NA,2.52776901911999,0.286932933905884,3,NA,NA
"C-P",NA,0,0,0,0,0.339957610763573,0.128840164092509,0.339957610763573,0.128840164092509,2.86772662988356,0.256380031742829,2.52776901911999,0.286932933905884,2.52776901911999,0.286932933905884,0,0,0.405784446621205
"C-S","E-M-T",11.0952246070071,0.648320257144992,-1.56484977675962,0.953529988396371,0.996031596222499,0.955326681430628,-0.568818180537122,1.34976609344895,0.324795010269399,1.52120421443488,0.893613190806521,2.0336987901454,0.45865844142605,0.089012353752135,3,0.434954749380471,2.03564583564022
"C-S","E",0,0,0.497554983536475,0.119851363359158,1.38529816487041,0.0738498512300494,1.88285314840688,0.140776950619586,NA,NA,NA,NA,0.45865844142605,0.089012353752135,1,NA,NA
"C-S","E-M",1.52770306248583,0.0926138611235951,-0.999386093704656,0.129917935099525,1.15810277983944,0.195910462566508,0.158716686134784,0.235073561260189,NA,NA,NA,NA,0.45865844142605,0.089012353752135,2,NA,NA
"C-S","E-P",16.5688603364037,1.27040061643595,-6.5586315850803,1.45788428697456,13.9824245765755,1.76989805511491,7.4237929914952,2.29302545116858,NA,NA,NA,NA,0.45865844142605,0.089012353752135,2,NA,NA
"C-S","E-P-T",16.7659524353178,1.12702572555783,-1.4693712755056,1.56174019403929,11.7579081889594,2.23595687039292,10.2885369134538,2.72736788129786,15.3867663179343,1.20947847127019,5.0982294044805,2.98351700722507,0.45865844142605,0.089012353752135,3,4.63957096305445,2.98484454059533
"C-S","M",2.60510350865721,0.257948961344854,-2.60510350865721,0.257948961344854,-0.91409830755532,0.279875406108817,-3.51920181621253,0.380615172587043,NA,NA,NA,NA,0.45865844142605,0.089012353752135,1,NA,NA
"C-S","P",0.339957610763573,0.128840164092509,2.52776901911999,0.286932933905884,33.074445253739,1.02997929590935,35.602214272859,1.06919963456867,NA,NA,NA,NA,0.45865844142605,0.089012353752135,1,NA,NA
"C-S","E-T",11.278371350314,0.624101148595879,-1.157409126694,0.825233189212375,0.7523185914,0.878603200924922,-0.405090535294001,1.20538516717817,NA,NA,NA,NA,0.45865844142605,0.089012353752135,2,NA,NA
"C-S","M-P",22.5361088984472,3.1256350813194,-7.6111165925068,3.24894025211207,1.6212104191196,3.53153256420199,-5.9899061733872,4.79868054925655,NA,NA,NA,NA,0.45865844142605,0.089012353752135,2,NA,NA
"C-S","T",7.97124445026975,0.203194710922311,0.612834344846161,1.28722853889704,3.45749493612415,0.622142174929097,4.07032928097031,1.42969164408852,NA,NA,NA,NA,0.45865844142605,0.089012353752135,1,NA,NA
"C-S","M-P-T",18.4011996486109,1.24066879194219,-2.5858975275238,1.46611642743688,17.6113517089324,1.34712250381248,15.0254541814086,1.99103903002385,5.4012860760415,2.67578474101132,-9.6241681053671,3.33527516095858,0.45865844142605,0.089012353752135,3,-10.0828265467932,3.33646273745531
"C-S","E-M-P",21.9501772909361,2.48845717756315,-10.2407424858032,2.88735573201286,13.882753427005,2.57110458489906,3.6420109412018,3.86618699879823,9.1322571586062,2.7135939312631,5.4902462174044,4.72345148524513,0.45865844142605,0.089012353752135,3,5.03158777597835,4.72429011943434
"C-S","P-T",15.8201338027754,1.71142493086051,-6.38901342962317,1.8014893268135,17.3788388112589,1.8019602471803,10.9898253816357,2.54802365119342,NA,NA,NA,NA,0.45865844142605,0.089012353752135,2,NA,NA
"C-S","M-T",11.2245556526682,0.693467124030279,-2.614130561447,0.813418878058967,2.0810116933734,1.08372210191041,-0.533118868073601,1.35502910129333,NA,NA,NA,NA,0.45865844142605,0.089012353752135,2,NA,NA
"C-S","E-M-P-T",20.4416359852523,0.916646967221031,-7.1212747838483,2.47954166672589,16.8399222432075,1.34784189317361,9.7186474593592,2.82219854829947,4.0634781376769,1.03132989786228,-5.6551693216823,3.00473726043531,0.45865844142605,0.089012353752135,4,-6.11382776310835,3.00605542253778
"C-S",NA,0,0,0,0,1.49481754514853,0.0561185978486826,1.49481754514853,0.0561185978486826,1.95347598657458,0.069093430194144,0.45865844142605,0.089012353752135,0.45865844142605,0.089012353752135,0,0,0.125882477895021
"C-T","E",0,0,0.497554983536475,0.119851363359158,11.278371350314,0.624101148595879,11.7759263338505,0.63550499052151,10.12096222362,0.539914412568263,-1.65496411023048,0.83389097961105,0.612834344846161,1.28722853889704,1,-2.26779845507664,1.53373122718021
"C-T","E-M",1.52770306248583,0.0926138611235951,-0.999386093704656,0.129917935099525,9.56752154452127,0.654901888145674,8.56813545081661,0.667663952117601,8.00267176776165,0.705320927109678,-0.565463683054965,0.971212007327005,0.612834344846161,1.28722853889704,2,-1.17829802790113,1.6125166896895
"C-T","E-P-S",30.5512849129792,1.23232357733621,NA,NA,-2.027424288702,2.29083773747659,NA,NA,1.6014338402729,1.30815617785325,NA,NA,0.612834344846161,1.28722853889704,3,NA,NA
"C-T","E-P",16.5688603364037,1.27040061643595,-6.5586315850803,1.45788428697456,0.197092098914101,1.69826520670654,-6.3615394861662,2.23819822770847,-1.2722791765915,1.66816161502702,5.0892603095747,2.79146815858015,0.612834344846161,1.28722853889704,2,4.47642596472854,3.07396353129277
"C-T","M",2.60510350865721,0.257948961344854,-2.60510350865721,0.257948961344854,8.61945214401099,0.739888044753877,6.01434863535378,0.783563644784905,6.00532158256399,0.49728390857816,-0.00902705278978999,0.928042709771149,0.612834344846161,1.28722853889704,1,-0.621861397635951,1.5868902238373
"C-T","E-S",1.38529816487041,0.0738498512300494,NA,NA,10.6453917768436,0.622812284338968,NA,NA,NA,NA,NA,NA,0.612834344846161,1.28722853889704,2,NA,NA
"C-T","P",0.339957610763573,0.128840164092509,2.52776901911999,0.286932933905884,15.4801761920118,1.71626777685019,18.0079452111318,1.74008781112165,9.09116276238866,0.577051374260061,-8.91678244874316,1.83327408724106,0.612834344846161,1.28722853889704,1,-9.52961679358932,2.24005606856181
"C-T","S",1.49481754514853,0.0561185978486826,0.45865844142605,0.089012353752135,9.93392184124537,0.590696277543043,10.3925802826714,0.597365291445446,NA,NA,NA,NA,0.612834344846161,1.28722853889704,1,NA,NA
"C-T","M-P",22.5361088984472,3.1256350813194,-7.6111165925068,3.24894025211207,-4.1349092498363,3.36286391530698,-11.7460258423431,4.67594551664879,-6.7208067773601,3.22177481973454,5.025219064983,5.6784064193877,0.612834344846161,1.28722853889704,2,4.41238472013684,5.82247857661103
"C-T","M-P-S",24.1573193175668,1.64381495018283,NA,NA,11.8552320399765,1.72557456501401,NA,NA,-0.3548335929144,2.88490771418676,NA,NA,0.612834344846161,1.28722853889704,3,NA,NA
"C-T","P-S",33.4144028645026,1.02188921225275,NA,NA,-0.215430250468302,1.16719449988669,NA,NA,NA,NA,NA,NA,0.612834344846161,1.28722853889704,2,NA,NA
"C-T","M-S",1.69100520110189,0.108593629121078,NA,NA,11.6145621449397,0.83985089054187,NA,NA,NA,NA,NA,NA,0.612834344846161,1.28722853889704,2,NA,NA
"C-T","E-M-P",21.9501772909361,2.48845717756315,-10.2407424858032,2.88735573201286,-1.5085413056838,2.65191643667011,-11.749283791487,3.92039333616776,-8.6298160895321,3.39120986361503,3.1194677019549,5.18360764809109,0.612834344846161,1.28722853889704,3,2.50663335710874,5.34104348987157
"C-T","E-M-P-S",35.8329307179411,0.646652659411066,-4.7504962683988,1.26068733679124,1.4486275105187,1.18093004382212,-3.3018687578801,1.72740508553944,-11.3278165950119,0.800974005591019,-8.0259478371318,1.90407134508664,0.612834344846161,1.28722853889704,4,-8.63878218197796,2.29835702155497
"C-T","E-M-S",2.68580584232527,0.172637139894064,NA,NA,9.40545036090433,0.72258805311153,NA,NA,8.73421377495123,1.38691985646637,NA,NA,0.612834344846161,1.28722853889704,3,NA,NA
"C-T",NA,0,0,0,0,7.97124445026975,0.203194710922311,7.97124445026975,0.203194710922311,8.58407879511591,1.27108977684671,0.612834344846161,1.28722853889704,0.612834344846161,1.28722853889704,0,0,1.8204160575819
"E-M","C",0,0,0.497554983536475,0.119851363359158,0,0,0.497554983536475,0.119851363359158,0.528316968781174,0.0911117039040756,0.030761985244699,0.150551293210496,-1.07740044617138,0.27407114757141,1,1.10816243141608,0.312699033926334
"E-M","C-P-T",9.43112037315223,0.562484222580545,5.86546078665997,1.2187017470492,6.38418174793487,0.962614579233575,12.2496425345948,1.55301666971536,3.88924082825177,2.37155512589658,-8.36040170634307,2.83480766394832,-1.07740044617138,0.27407114757141,3,-7.28300126017169,2.84802554158337
"E-M","C-P",2.86772662988356,0.256380031742829,7.14250212143984,0.759762850265088,12.0572656760568,0.922902389690255,19.1997677974967,1.19540303226105,8.84170817524934,1.48665218504478,-10.3580596222473,1.90764858630654,-1.07740044617138,0.27407114757141,2,-9.28065917607596,1.92723587626643
"E-M","P",0.339957610763573,0.128840164092509,16.2289027256401,1.27691719156891,22.1961512876836,3.12828938070919,38.4250540133238,3.37886252510843,21.6102196801725,2.49179030266372,-16.8148343331512,4.19830095110285,-1.07740044617138,0.27407114757141,1,-15.7374338869798,4.20723732037571
"E-M","C-S",1.95347598657458,0.069093430194144,NA,NA,NA,NA,NA,NA,NA,NA,NA,NA,-1.07740044617138,0.27407114757141,2,NA,NA
"E-M","S-T",11.4287393863939,0.588024485271409,0.6019505553201,0.853354636874686,1.8768279596477,1.01947522644594,2.4787785149678,1.32949008029865,0.6625168168357,0.915479496060624,-1.8162616981321,1.61420153057787,-1.07740044617138,0.27407114757141,2,-0.738861251960721,1.63730314091528
"E-M","S",1.49481754514853,0.0561185978486826,-0.10951938027812,0.0927528843282115,0.19618765595336,0.122236955582951,0.0866682756752399,0.153443705838301,1.19098829717674,0.181529278892703,1.1043200215015,0.237692763786986,-1.07740044617138,0.27407114757141,1,2.18172046767288,0.362784845173838
"E-M","C-T",8.58407879511591,1.27108977684671,1.53688342850409,1.38100571820074,0.0263462961052898,1.34030699463821,1.56322972460938,1.92447385889735,0.946296035131569,1.45071344646379,-0.616933689477809,2.41001434380174,-1.07740044617138,0.27407114757141,2,0.46046675669357,2.42554821252046
"E-M","T",7.97124445026975,0.203194710922311,3.30712690004425,0.656346199977951,3.25331120239845,0.722623513772994,6.5604381024427,0.976204423716224,3.12398015673735,0.679416842866991,-3.43645794570535,1.18936214974854,-1.07740044617138,0.27407114757141,1,-2.35905749953397,1.22053157156445
"E-M","P-S",33.4144028645026,1.02188921225275,-2.8631179515234,1.60089942263006,-9.2570835469358,1.93555809847267,-12.1202014984592,2.51182485733786,2.4185278534385,1.20930443811389,14.5387293518977,2.78777354496063,-1.07740044617138,0.27407114757141,2,15.6161297980691,2.80121336779501
"E-M","P-S-T",33.1989726140343,0.563990636843554,-4.6751119897571,2.01181549318901,2.81357874350901,0.770431974560971,-1.86153324624809,2.15429037180722,4.0825856144255,1.13777042716249,5.94411886067359,2.43628581061147,-1.07740044617138,0.27407114757141,3,7.02151930684497,2.45165322688954
"E-M","P-T",15.8201338027754,1.71142493086051,0.9458186325424,2.049185760257,2.5810658458355,2.11381984692882,3.5268844783779,2.94404426347673,4.6215021824769,1.94144712945947,1.094617704099,3.52655831963639,-1.07740044617138,0.27407114757141,2,2.17201815027038,3.53719218812433
"E-M",NA,0,0,0,0,2.60510350865721,0.257948961344854,2.60510350865721,0.257948961344854,1.52770306248583,0.0926138611235951,-1.07740044617138,0.27407114757141,-1.07740044617138,0.27407114757141,0,0,0.387595133950646
"E-P","C",0,0,0.497554983536475,0.119851363359158,2.86772662988356,0.256380031742829,3.36528161342004,0.283010724135152,10.0102287513234,0.715198481518576,6.64494713790336,0.769157940830087,16.2289027256401,1.27691719156891,1,-9.58395558773676,1.49067818527884
"E-P","C-M-T",8.6104250912212,0.425151289627449,0.919949739026279,0.818323836887646,7.2048770298659,0.88937728022076,8.12482676889218,1.20857182185892,4.7099361101828,2.34278441893107,-3.41489065870938,2.63614959404386,16.2289027256401,1.27691719156891,3,-19.6437933843495,2.9291299384462
"E-P","C-M",0,0,0.528316968781174,0.0911117039040756,14.9249923059404,0.886576618358238,15.4533092747216,0.891246005773845,11.7094348051329,1.4643783659362,-3.74387446958867,1.71427052749261,16.2289027256401,1.27691719156891,2,-19.9727771952288,2.13757829226301
"E-P","M",2.60510350865721,0.257948961344854,-1.07740044617138,0.27407114757141,19.93100538979,3.13626088331845,18.8536049436186,3.14821335397786,19.3450737822789,2.50179071691148,0.491468838660278,4.02121923219674,16.2289027256401,1.27691719156891,1,-15.7374338869798,4.21909014214122
"E-P","C-S",1.95347598657458,0.069093430194144,NA,NA,NA,NA,NA,NA,NA,NA,NA,NA,16.2289027256401,1.27691719156891,2,NA,NA
"E-P","S-T",11.4287393863939,0.588024485271409,0.6019505553201,0.853354636874686,21.7702332276404,0.814774958946274,22.3721837829605,1.17986116556205,17.0951212378833,2.01868495200882,-5.2770625450772,2.33819616488187,16.2289027256401,1.27691719156891,2,-21.5059652707173,2.66414692154778
"E-P","S",1.49481754514853,0.0561185978486826,-0.10951938027812,0.0927528843282115,31.9195853193541,1.02342897122519,31.810065939076,1.02762345082927,29.0564673678307,1.23360070374624,-2.75359857124528,1.60554683923499,16.2289027256401,1.27691719156891,1,-18.9825012968854,2.05141369964756
"E-P","C-T",8.58407879511591,1.27108977684671,1.53688342850409,1.38100571820074,0.84704157803632,1.38998479180754,2.38392500654041,1.95939646706822,6.71250236469629,1.66868650992718,4.32857735815588,2.57366454371434,16.2289027256401,1.27691719156891,2,-11.9003253674842,2.87302396399622
"E-P","T",7.97124445026975,0.203194710922311,3.30712690004425,0.656346199977951,7.84888935250565,1.72344520786641,11.1560162525499,1.84419459893559,8.79470798504805,1.14519652314175,-2.36130826750185,2.17083596693973,16.2289027256401,1.27691719156891,1,-18.590210993142,2.51854051178125
"E-P","M-S",1.69100520110189,0.108593629121078,0.99480064122338,0.203951362722804,22.4663141164649,1.64739799888499,23.4611147576883,1.65997479652155,34.1419255168392,0.655707433394719,10.6808107591509,1.78478810039059,16.2289027256401,1.27691719156891,2,-5.5480919664892,2.19453550379575
"E-P","M-T",11.2245556526682,0.693467124030279,-0.1293310456611,0.949323868832642,7.1766439959427,1.42132181556821,7.0473129502816,1.70920201010457,9.2170803325841,1.14940781040775,2.1697673823025,2.059735377657,16.2289027256401,1.27691719156891,2,-14.0591353433376,2.42343296587631
"E-P","M-S-T",13.3055673460416,0.83280066165817,-1.214311142812,1.0889843224248,22.7069840115017,0.984396734572502,21.4926728686897,1.46796586660726,23.9759908824182,1.29228210872727,2.4833180137285,1.95573945965729,16.2289027256401,1.27691719156891,3,-13.7455847119116,2.33568712549109
"E-P",NA,0,0,0,0,0.339957610763573,0.128840164092509,0.339957610763573,0.128840164092509,16.5688603364037,1.27040061643595,16.2289027256401,1.27691719156891,16.2289027256401,1.27691719156891,0,0,1.80583361034411
"E-S","C",0,0,0.497554983536475,0.119851363359158,1.95347598657458,0.069093430194144,2.45103097011105,0.138341069083053,NA,NA,NA,NA,-0.10951938027812,0.0927528843282115,1,NA,NA
"E-S","C-M-T",8.6104250912212,0.425151289627449,0.919949739026279,0.818323836887646,NA,NA,NA,NA,2.8095945260553,1.44031132928328,NA,NA,-0.10951938027812,0.0927528843282115,3,NA,NA
"E-S","C-P-T",9.43112037315223,0.562484222580545,5.86546078665997,1.2187017470492,NA,NA,NA,NA,22.7215983800999,0.713470172501246,NA,NA,-0.10951938027812,0.0927528843282115,3,NA,NA
"E-S","C-M",0,0,0.528316968781174,0.0911117039040756,NA,NA,NA,NA,NA,NA,NA,NA,-0.10951938027812,0.0927528843282115,2,NA,NA
"E-S","M",2.60510350865721,0.257948961344854,-1.07740044617138,0.27407114757141,-0.91409830755532,0.279875406108817,-1.9914987537267,0.391720866020288,0.0807023336680603,0.310388866955134,2.07220108739476,0.499786439997502,-0.10951938027812,0.0927528843282115,1,2.18172046767288,0.508320354851721
"E-S","C-P",2.86772662988356,0.256380031742829,7.14250212143984,0.759762850265088,NA,NA,NA,NA,NA,NA,NA,NA,-0.10951938027812,0.0927528843282115,2,NA,NA
"E-S","P",0.339957610763573,0.128840164092509,16.2289027256401,1.27691719156891,33.074445253739,1.02997929590935,49.3033479793792,1.64054102787043,30.2113273022156,1.23904042998689,-19.0920206771635,2.05586868531729,-0.10951938027812,0.0927528843282115,1,-18.9825012968854,2.05795994830304
"E-S","C-T",8.58407879511591,1.27108977684671,1.53688342850409,1.38100571820074,NA,NA,NA,NA,NA,NA,NA,NA,-0.10951938027812,0.0927528843282115,2,NA,NA
"E-S","M-P",22.5361088984472,3.1256350813194,-0.5859316075111,3.99524890165057,1.6212104191196,3.53153256420199,1.0352788116085,5.33232932574116,13.2968218194939,3.19182617375977,12.2615430078854,6.21461908419632,-0.10951938027812,0.0927528843282115,2,12.3710623881635,6.21531121177438
"E-S","T",7.97124445026975,0.203194710922311,3.30712690004425,0.656346199977951,3.45749493612415,0.622142174929097,6.7646218361684,0.904351270276658,4.05944549144425,0.650945029586696,-2.70517634472415,1.11426238004997,-0.10951938027812,0.0927528843282115,1,-2.59565696444603,1.11811616084637
"E-S","M-P-T",18.4011996486109,1.24066879194219,2.0404363366414,1.54256303398429,17.6113517089324,1.34712250381248,19.6517880455738,2.047984314904,18.8803585798489,1.58609430923183,-0.771429465724903,2.59035420587039,-0.10951938027812,0.0927528843282115,3,-0.661910085446783,2.59201427646948
"E-S","P-T",15.8201338027754,1.71142493086051,0.9458186325424,2.049185760257,17.3788388112589,1.8019602471803,18.3246574438013,2.72877683449163,12.7037268215018,2.58036653097173,-5.62093062229949,3.75559774824424,-0.10951938027812,0.0927528843282115,2,-5.51141124202137,3.75674294358403
"E-S","M-T",11.2245556526682,0.693467124030279,-0.1293310456611,0.949323868832642,2.0810116933734,1.08372210191041,1.9516806477123,1.44071836321485,0.866700550561399,0.98652246023065,-1.0849800971509,1.74610880721793,-0.10951938027812,0.0927528843282115,2,-0.97546071687278,1.74857057741323
"E-S","C-M-P",14.9249923059404,0.886576618358238,-3.2155575008075,1.71184756881023,NA,NA,NA,NA,16.1574421436019,1.39899642581456,NA,NA,-0.10951938027812,0.0927528843282115,3,NA,NA
"E-S","C-M-P-T",15.8153021210871,0.78117752623907,-2.4949409196831,2.43271937181733,7.9871836035653,2.49615769863018,5.4922426838822,3.48553106404835,8.6898120018421,0.913037799442121,3.1975693179599,3.60313264003091,-0.10951938027812,0.0927528843282115,4,3.30708869823802,3.60432627812845
"E-S",NA,0,0,0,0,1.49481754514853,0.0561185978486826,1.49481754514853,0.0561185978486826,1.38529816487041,0.0738498512300494,-0.10951938027812,0.0927528843282115,-0.10951938027812,0.0927528843282115,0,0,0.13117238696618
"E-T","C",0,0,0.497554983536475,0.119851363359158,8.58407879511591,1.27108977684671,9.08163377865239,1.27672768047978,10.12096222362,0.539914412568263,1.03932844496761,1.38619664658453,3.30712690004425,0.656346199977951,1,-2.26779845507664,1.5337312271802
"E-T","C-M",0,0,0.528316968781174,0.0911117039040756,8.6104250912212,0.425151289627449,9.13874206000238,0.434804509705439,9.53037483024748,0.699214046588479,0.391632770245105,0.823380376622386,3.30712690004425,0.656346199977951,2,-2.91549412979915,1.0529698850548
"E-T","M",2.60510350865721,0.257948961344854,-1.07740044617138,0.27407114757141,8.61945214401099,0.739888044753877,7.54205169783961,0.789017941938474,8.49012109834989,0.697751261183695,0.948069400510279,1.05328350180959,3.30712690004425,0.656346199977951,1,-2.35905749953397,1.24104652185555
"E-T","C-P",2.86772662988356,0.256380031742829,7.14250212143984,0.759762850265088,6.56339374326867,0.618157925880186,13.7058958647085,0.979468636543011,12.4288545299286,1.11111483127766,-1.27704133477987,1.48119376796441,3.30712690004425,0.656346199977951,2,-4.58416823482412,1.62010040197578
"E-T","P",0.339957610763573,0.128840164092509,16.2289027256401,1.27691719156891,15.4801761920118,1.71626777685019,31.709078917652,2.13918035611271,16.4259948245542,1.13436624330616,-15.2830840930977,2.42133834272104,3.30712690004425,0.656346199977951,1,-18.590210993142,2.5087187375544
"E-T","C-S",1.95347598657458,0.069093430194144,NA,NA,NA,NA,NA,NA,NA,NA,NA,NA,3.30712690004425,0.656346199977951,2,NA,NA
"E-T","S",1.49481754514853,0.0561185978486826,-0.10951938027812,0.0927528843282115,9.93392184124537,0.590696277543043,9.82440246096725,0.597934101598504,10.5358723965655,0.620959449578895,0.71146993559822,0.862041662494183,3.30712690004425,0.656346199977951,1,-2.59565696444603,1.08346950215557
"E-T","M-P",22.5361088984472,3.1256350813194,-0.5859316075111,3.99524890165057,-4.1349092498363,3.36286391530698,-4.7208408573474,5.22215161585854,-2.0944729131949,3.25727437040389,2.6263679441525,6.15473019905048,3.30712690004425,0.656346199977951,2,-0.680758955891748,6.18962794983103
"E-T","M-P-S",24.1573193175668,1.64381495018283,11.6756114003743,1.76643348370891,11.8552320399765,1.72557456501401,23.5308434403508,2.46939159142314,13.124238910893,1.91795821042141,-10.4066045294578,3.12673288413228,3.30712690004425,0.656346199977951,3,-13.7137314295021,3.19487853649238
"E-T","P-S",33.4144028645026,1.02188921225275,-2.8631179515234,1.60089942263006,-0.215430250468302,1.16719449988669,-3.0785482019917,1.98121729296486,-4.8905422402254,2.18485095654296,-1.8119940382337,2.94937207965521,3.30712690004425,0.656346199977951,2,-5.11912093827795,3.02152047791757
"E-T","M-S",1.69100520110189,0.108593629121078,0.99480064122338,0.203951362722804,11.6145621449397,0.83985089054187,12.6093627861631,0.86426019039434,10.4002510021277,0.710015836946187,-2.20911178403538,1.11851158483712,3.30712690004425,0.656346199977951,2,-5.51623868407963,1.29686487331578
"E-T","C-M-P",14.9249923059404,0.886576618358238,-3.2155575008075,1.71184756881023,0.890309815146701,1.18163294965929,-2.3252476856608,2.08006695242293,-1.6046311045364,2.46858326064442,0.720616581124398,3.22809260110299,3.30712690004425,0.656346199977951,3,-2.58651031891985,3.29414210008029
"E-T",NA,0,0,0,0,7.97124445026975,0.203194710922311,7.97124445026975,0.203194710922311,11.278371350314,0.624101148595879,3.30712690004425,0.656346199977951,3.30712690004425,0.656346199977951,0,0,0.928213697620862
"M-P","C",0,0,0,0,2.86772662988356,0.256380031742829,2.86772662988356,0.256380031742829,14.9249923059404,0.886576618358238,12.0572656760568,0.922902389690255,19.5910477790264,3.13890619740648,1,-7.53378210296958,3.27177030627347
"M-P","C-E",0.497554983536475,0.119851363359158,0.030761985244699,0.150551293210496,9.51267376778693,0.725171164116118,9.54343575303162,0.740634126376093,11.2118798215964,1.46927476937468,1.6684440685648,1.64538969763211,19.5910477790264,3.13890619740648,2,-17.9226037104616,3.54401458422376
"M-P","E",0,0,1.52770306248583,0.0926138611235951,16.5688603364037,1.27040061643595,18.0965633988895,1.27377197861825,21.9501772909361,2.48845717756315,3.85361389204657,2.79551679982049,19.5910477790264,3.13890619740648,1,-15.7374338869798,4.2032899369655
"M-P","E-S",1.38529816487041,0.0738498512300494,1.30050767745486,0.187769493255702,29.1659867481088,1.234534406076,30.4664944255636,1.24873239021934,34.4476325530707,0.650855946005031,3.98113812750704,1.40817117028898,19.5910477790264,3.13890619740648,2,-15.6099096515194,3.44030204501724
"M-P","C-E-T",10.12096222362,0.539914412568263,-0.59058739337252,0.883406959359936,5.1756189361922,1.20845066945559,4.58503154281968,1.49691712407642,3.199398977784,2.36630361268651,-1.38563256503568,2.80002743982384,19.5910477790264,3.13890619740648,3,-20.9766803440621,4.20629121434587
"M-P","E-S-T",12.030689941714,0.618418419031017,0.0605662615156,0.935292068514178,16.4931706825632,2.02774689771307,16.5537369440788,2.23305367929446,25.2508682867458,1.16570898918861,8.697131342667,2.5190089682424,19.5910477790264,3.13890619740648,3,-10.8939164363594,4.02469108108963
"M-P","C-S",1.95347598657458,0.069093430194144,NA,NA,NA,NA,NA,NA,NA,NA,NA,NA,19.5910477790264,3.13890619740648,2,NA,NA
"M-P","E-T",11.278371350314,0.624101148595879,-0.183146743306899,0.899900772031697,5.4875810850038,1.28828926478018,5.3044343416969,1.57146766726239,9.1632646349383,1.10893818862649,3.8588302932414,1.92334462212192,19.5910477790264,3.13890619740648,2,-15.732217485785,3.68130230374552
"M-P","S-T",11.4287393863939,0.588024485271409,1.8768279596477,1.01947522644594,21.7702332276404,0.814774958946274,23.6470611872881,1.30506243952651,24.5838119711494,0.788195904745403,0.936750783861307,1.52461167361408,19.5910477790264,3.13890619740648,2,-18.6542969951651,3.48958061540884
"M-P","S",1.49481754514853,0.0561185978486826,0.19618765595336,0.122236955582951,31.9195853193541,1.02342897122519,32.1157729753074,1.03070302825462,22.6625017724183,1.64477259445465,-9.45327120288916,1.94103725361527,19.5910477790264,3.13890619740648,1,-29.0443189819156,3.69057688390841
"M-P","C-T",8.58407879511591,1.27108977684671,0.0263462961052898,1.34030699463821,0.84704157803632,1.38998479180754,0.87338787414161,1.93092738375434,7.23122332597119,1.49194756888612,6.35783545182958,2.44016149253232,19.5910477790264,3.13890619740648,2,-13.2332123271968,3.97581692558327
"M-P","T",7.97124445026975,0.203194710922311,3.25331120239845,0.722623513772994,7.84888935250565,1.72344520786641,11.1022005549041,1.86880928057823,10.4299551983411,1.2571981314996,-0.672245356562954,2.25233107446961,19.5910477790264,3.13890619740648,1,-20.2632931355894,3.86338289393353
"M-P",NA,0,0,2.60510350865721,0.257948961344854,0.339957610763573,0.128840164092509,2.94506111942078,0.288335662973337,22.5361088984472,3.1256350813194,19.5910477790264,3.13890619740648,19.5910477790264,3.13890619740648,0,0,4.4390837153892
"M-S","C",0,0,0,0,1.95347598657458,0.069093430194144,1.95347598657458,0.069093430194144,NA,NA,NA,NA,-2.40891585270385,0.285446212041914,1,NA,NA
"M-S","C-E",0.497554983536475,0.119851363359158,0.030761985244699,0.150551293210496,NA,NA,NA,NA,NA,NA,NA,NA,-2.40891585270385,0.285446212041914,2,NA,NA
"M-S","E",0,0,1.52770306248583,0.0926138611235951,1.38529816487041,0.0738498512300494,2.91300122735624,0.118453061585258,2.68580584232527,0.172637139894064,-0.22719538503097,0.209367404028716,-2.40891585270385,0.285446212041914,1,2.18172046767288,0.353997528012274
"M-S","C-P-T",9.43112037315223,0.562484222580545,6.38418174793487,0.962614579233575,NA,NA,NA,NA,14.3713653515002,2.43658642973767,NA,NA,-2.40891585270385,0.285446212041914,3,NA,NA
"M-S","E-P",16.5688603364037,1.27040061643595,5.3813169545324,2.7939822567093,13.9824245765755,1.76989805511491,19.3637415311079,3.30739716035222,19.2640703815374,1.42550951879117,-0.0996711495704972,3.60152097931835,-2.40891585270385,0.285446212041914,2,2.30924470313335,3.6128150941391
"M-S","C-E-P",10.0102287513234,0.715198481518576,1.6992060538095,1.62969717020938,NA,NA,NA,NA,21.0722056982189,1.29718224131726,NA,NA,-2.40891585270385,0.285446212041914,3,NA,NA
"M-S","E-P-T",16.7659524353178,1.12702572555783,3.6756835499345,1.45273144406827,11.7579081889594,2.23595687039292,15.4335917388939,2.66644553194735,20.515605793142,1.49887394151325,5.0820140542481,3.05884861792627,-2.40891585270385,0.285446212041914,3,7.49092990695195,3.07213840953798
"M-S","C-P",2.86772662988356,0.256380031742829,12.0572656760568,0.922902389690255,NA,NA,NA,NA,NA,NA,NA,NA,-2.40891585270385,0.285446212041914,2,NA,NA
"M-S","C-E-T",10.12096222362,0.539914412568263,-0.59058739337252,0.883406959359936,NA,NA,NA,NA,1.2990573936565,1.47825934094421,NA,NA,-2.40891585270385,0.285446212041914,3,NA,NA
"M-S","C-E-P-T",15.2965811598122,1.08113155888112,-1.9762199584082,2.54494217264814,16.8561375934399,1.16683187906641,14.8799176350317,2.7996834278412,9.208532963117,1.17993438093728,-5.6713846719147,3.03816925786673,-2.40891585270385,0.285446212041914,4,-3.26246881921085,3.05154911142121
"M-S","P",0.339957610763573,0.128840164092509,22.1961512876836,3.12828938070919,33.074445253739,1.02997929590935,55.2705965414227,3.29348626829684,23.8173617068032,1.64885638499172,-31.4532348346194,3.68317514894253,-2.40891585270385,0.285446212041914,1,-29.0443189819156,3.69421963583067
"M-S","E-T",11.278371350314,0.624101148595879,-0.183146743306899,0.899900772031697,0.7523185914,0.878603200924922,0.569171848093101,1.25768238604934,0.8128848529156,0.939059186690276,0.243713004822499,1.56958502168126,-2.40891585270385,0.285446212041914,2,2.65262885752635,1.59532964626601
"M-S","C-T",8.58407879511591,1.27108977684671,0.0263462961052898,1.34030699463821,NA,NA,NA,NA,NA,NA,NA,NA,-2.40891585270385,0.285446212041914,2,NA,NA
"M-S","T",7.97124445026975,0.203194710922311,3.25331120239845,0.722623513772994,3.45749493612415,0.622142174929097,6.7108061385226,0.95354372132752,5.33432289577185,0.85723102638967,-1.37648324275075,1.28222098761806,-2.40891585270385,0.285446212041914,1,1.0324326099531,1.31360960755367
"M-S","P-T",15.8201338027754,1.71142493086051,2.5810658458355,2.11381984692882,17.3788388112589,1.8019602471803,19.9599046570944,2.77764199955435,20.1924175547679,1.79009923829648,0.232512897673509,3.30450455600199,-2.40891585270385,0.285446212041914,2,2.64142875037736,3.31681019966579
"M-S",NA,0,0,2.60510350865721,0.257948961344854,1.49481754514853,0.0561185978486826,4.09992105380574,0.263982885209233,1.69100520110189,0.108593629121078,-2.40891585270385,0.285446212041914,-2.40891585270385,0.285446212041914,0,0,0.403681904397701
"M-T","C",0,0,0,0,8.58407879511591,1.27108977684671,8.58407879511591,1.27108977684671,8.6104250912212,0.425151289627449,0.0263462961052898,1.34030699463821,0.648207693741242,0.767282483389603,1,-0.621861397635952,1.54439154659452
"M-T","C-E",0.497554983536475,0.119851363359158,0.030761985244699,0.150551293210496,9.62340724008352,0.553056888753753,9.65416922532822,0.57318200781718,9.03281984671101,0.709411468927367,-0.621349378617218,0.912031932736469,0.648207693741242,0.767282483389603,2,-1.26955707235846,1.19185764907036
"M-T","E",0,0,1.52770306248583,0.0926138611235951,11.278371350314,0.624101148595879,12.8060744127998,0.630935472889991,11.0952246070071,0.648320257144992,-1.71084980579273,0.904653926524096,0.648207693741242,0.767282483389603,1,-2.35905749953397,1.18622136892402
"M-T","E-P-S",30.5512849129792,1.23232357733621,5.2816458049619,1.39168281629907,-2.027424288702,2.29083773747659,3.25422151625991,2.68043253983923,6.7302733154806,1.57957510291123,3.47605179922069,3.11123385594301,0.648207693741242,0.767282483389603,3,2.82784410547945,3.20444979921398
"M-T","E-P",16.5688603364037,1.27040061643595,5.3813169545324,2.7939822567093,0.197092098914101,1.69826520670654,5.5784090534465,3.26962407061063,3.8727756488486,1.56657568880548,-1.7056334045979,3.62554836567832,0.648207693741242,0.767282483389603,2,-2.35384109833914,3.70584988379039
"M-T","C-E-P",10.0102287513234,0.715198481518576,1.6992060538095,1.62969717020938,5.2863524084888,1.29628481267629,6.9855584622983,2.08237056792581,3.3101324500806,2.4123420326481,-3.6754260122177,3.18679482625481,0.648207693741242,0.767282483389603,3,-4.32363370595894,3.27786266856331
"M-T","C-P",2.86772662988356,0.256380031742829,12.0572656760568,0.922902389690255,6.56339374326867,0.618157925880186,18.6206594193255,1.11079612991065,12.9475754912035,0.822173368686585,-5.67308392812197,1.38196855622765,0.648207693741242,0.767282483389603,2,-6.32129162186321,1.58068323826073
"M-T","E-S",1.38529816487041,0.0738498512300494,1.30050767745486,0.187769493255702,10.6453917768436,0.622812284338968,11.9458994542985,0.650501747976918,10.7059580383592,0.705537889099805,-1.23994141593926,0.959654227873995,0.648207693741242,0.767282483389603,2,-1.8881491096805,1.22868167008097
"M-T","P",0.339957610763573,0.128840164092509,22.1961512876836,3.12828938070919,15.4801761920118,1.71626777685019,37.6763274796955,3.56816052488004,18.0612420378473,1.24734070693723,-19.6150854418481,3.7798979312271,0.648207693741242,0.767282483389603,1,-20.2632931355894,3.85698726726073
"M-T","C-S",1.95347598657458,0.069093430194144,NA,NA,NA,NA,NA,NA,NA,NA,NA,NA,0.648207693741242,0.767282483389603,2,NA,NA
"M-T","S",1.49481754514853,0.0561185978486826,0.19618765595336,0.122236955582951,9.93392184124537,0.590696277543043,10.1301094971987,0.603211377224764,11.8107498008931,0.834689306917722,1.68064030369434,1.02983989274847,0.648207693741242,0.767282483389603,1,1.0324326099531,1.28424787872618
"M-T","P-S",33.4144028645026,1.02188921225275,-9.2570835469358,1.93555809847267,-0.215430250468302,1.16719449988669,-9.4725137974041,2.26024957761944,2.5981484930407,1.14879830740529,12.0706622904448,2.53544191497777,0.648207693741242,0.767282483389603,2,11.4224545967036,2.64899756767398
"M-T",NA,0,0,2.60510350865721,0.257948961344854,7.97124445026975,0.203194710922311,10.576347958927,0.328368325521343,11.2245556526682,0.693467124030279,0.648207693741242,0.767282483389603,0.648207693741242,0.767282483389603,0,0,1.08510129418089
"P-S","C",0,0,2.86772662988356,0.256380031742829,1.95347598657458,0.069093430194144,4.82120261645814,0.265527065988473,NA,NA,NA,NA,31.5796277085905,1.03150697866104,1,NA,NA
"P-S","C-E",0.497554983536475,0.119851363359158,9.51267376778693,0.725171164116118,NA,NA,NA,NA,NA,NA,NA,NA,31.5796277085905,1.03150697866104,2,NA,NA
"P-S","C-M-T",8.6104250912212,0.425151289627449,7.2048770298659,0.88937728022076,NA,NA,NA,NA,15.1920606334312,2.40859264883076,NA,NA,31.5796277085905,1.03150697866104,3,NA,NA
"P-S","E-M-T",11.0952246070071,0.648320257144992,9.3464113782452,1.12274699658474,0.996031596222499,0.955326681430628,10.3424429744677,1.47418109016271,26.1863336214527,1.18184400929347,15.843890646985,1.88943514016655,31.5796277085905,1.03150697866104,3,-15.7357370616055,2.15266620634101
"P-S","E",0,0,16.5688603364037,1.27040061643595,1.38529816487041,0.0738498512300494,17.9541585012741,1.27254529458387,30.5512849129792,1.23232357733621,12.5971264117051,1.77143809545416,31.5796277085905,1.03150697866104,1,-18.9825012968854,2.04987794101324
"P-S","E-M",1.52770306248583,0.0926138611235951,20.4224742284503,2.49018000390289,1.15810277983944,0.195910462566508,21.5805770082897,2.49787456874456,34.3052276554553,0.653251091997269,12.7246506471656,2.58188193966657,31.5796277085905,1.03150697866104,2,-18.8549770614249,2.78030951467689
"P-S","C-E-M",0.528316968781174,0.0911117039040756,11.1811178363517,1.46721005354049,NA,NA,NA,NA,30.5541174807611,1.08603602233568,NA,NA,31.5796277085905,1.03150697866104,3,NA,NA
"P-S","C-M",0,0,14.9249923059404,0.886576618358238,NA,NA,NA,NA,NA,NA,NA,NA,31.5796277085905,1.03150697866104,2,NA,NA
"P-S","C-E-M-T",9.53037483024748,0.699214046588479,3.78998637115652,2.40765144849934,1.88964478702902,1.54358135164186,5.67963115818554,2.85997008491303,14.9747392926817,0.843978660071304,9.29510813449618,2.98190021047875,31.5796277085905,1.03150697866104,4,-22.2845195740943,3.15527106795591
"P-S","M",2.60510350865721,0.257948961344854,19.93100538979,3.13626088331845,-0.91409830755532,0.279875406108817,19.0169070822347,3.14872395919013,21.5522158089096,1.66393066475243,2.53530872667492,3.5613379267182,31.5796277085905,1.03150697866104,1,-29.0443189819156,3.70771283614412
"P-S","C-E-T",10.12096222362,0.539914412568263,5.1756189361922,1.20845066945559,NA,NA,NA,NA,22.0317565296321,0.695815176103432,NA,NA,31.5796277085905,1.03150697866104,3,NA,NA
"P-S","E-T",11.278371350314,0.624101148595879,5.4875810850038,1.28828926478018,0.7523185914,0.878603200924922,6.2398996764038,1.55936936433398,17.2454892739632,2.02948722190283,11.0055895975594,2.55938492577616,31.5796277085905,1.03150697866104,2,-20.5740381110311,2.75943071036702
"P-S","C-T",8.58407879511591,1.27108977684671,0.84704157803632,1.38998479180754,NA,NA,NA,NA,NA,NA,NA,NA,31.5796277085905,1.03150697866104,2,NA,NA
"P-S","T",7.97124445026975,0.203194710922311,7.84888935250565,1.72344520786641,3.45749493612415,0.622142174929097,11.3063842886298,1.83230026751709,25.2277281637645,0.599477713509017,13.9213438751347,1.92787390649316,31.5796277085905,1.03150697866104,1,-17.6582838334558,2.1864822081059
"P-S","M-T",11.2245556526682,0.693467124030279,7.1766439959427,1.42132181556821,2.0810116933734,1.08372210191041,9.2576556893161,1.78734699976788,24.7879957048751,0.869699167005204,15.530340015559,1.98770871575007,31.5796277085905,1.03150697866104,2,-16.0492876930315,2.23941791224756
"P-S",NA,0,0,0.339957610763573,0.128840164092509,1.49481754514853,0.0561185978486826,1.8347751559121,0.140531437436208,33.4144028645026,1.02188921225275,31.5796277085905,1.03150697866104,31.5796277085905,1.03150697866104,0,0,1.45877115890494
"P-T","C",0,0,2.86772662988356,0.256380031742829,8.58407879511591,1.27108977684671,11.4518054249995,1.29668806637552,9.43112037315223,0.562484222580545,-2.02068505184724,1.41343144231785,7.50893174174208,1.72825437143989,1,-9.52961679358932,2.23263333633936
"P-T","C-E",0.497554983536475,0.119851363359158,9.51267376778693,0.725171164116118,9.62340724008352,0.553056888753753,19.1360810078705,0.912000624705656,14.7990261762757,1.08775447455194,-4.33705483159473,1.41949108358287,7.50893174174208,1.72825437143989,2,-11.8459865733368,2.23647448203022
"P-T","E",0,0,16.5688603364037,1.27040061643595,11.278371350314,0.624101148595879,27.8472316867177,1.41542218787171,16.7659524353178,1.12702572555783,-11.0812792513999,1.80931118274019,7.50893174174208,1.72825437143989,1,-18.590210993142,2.50209314942305
"P-T","E-M",1.52770306248583,0.0926138611235951,20.4224742284503,2.49018000390289,9.56752154452127,0.654901888145674,29.9899957729715,2.57485784751985,18.9139329227665,0.921313730380555,-11.0760628502051,2.73472337261418,7.50893174174208,1.72825437143989,2,-18.5849945919471,3.23505411038569
"P-T","C-E-M",0.528316968781174,0.0911117039040756,11.1811178363517,1.46721005354049,9.00205786146631,0.70512525520998,20.183175697818,1.62785348442211,12.7920442326228,2.3056857021508,-7.3911314651952,2.82242688547424,7.50893174174208,1.72825437143989,3,-14.9000632069373,3.30952514664097
"P-T","C-M",0,0,14.9249923059404,0.886576618358238,8.6104250912212,0.425151289627449,23.5354173971616,0.983245503061881,15.8153021210871,0.78117752623907,-7.7201152760745,1.25579060626858,7.50893174174208,1.72825437143989,2,-15.2290470178166,2.13632235844535
"P-T","M",2.60510350865721,0.257948961344854,19.93100538979,3.13626088331845,8.61945214401099,0.739888044753877,28.550457533801,3.22235420880498,15.7960961399537,1.26720034641653,-12.7543613938473,3.4625660087515,7.50893174174208,1.72825437143989,1,-20.2632931355894,3.86991298834514
"P-T","E-S",1.38529816487041,0.0738498512300494,29.1659867481088,1.234534406076,10.6453917768436,0.622812284338968,39.8113785249524,1.38274015682952,27.1385624594068,1.93255528788049,-12.6728160655456,2.37628707904239,7.50893174174208,1.72825437143989,2,-20.1817478072877,2.93829941538041
"P-T","C-S",1.95347598657458,0.069093430194144,NA,NA,NA,NA,NA,NA,NA,NA,NA,NA,7.50893174174208,1.72825437143989,2,NA,NA
"P-T","S",1.49481754514853,0.0561185978486826,31.9195853193541,1.02342897122519,9.93392184124537,0.590696277543043,41.8535071605994,1.18166363718541,31.7041550688858,0.566775736488163,-10.1493520917137,1.31055854005762,7.50893174174208,1.72825437143989,1,-17.6582838334558,2.16896907753869
"P-T","M-S",1.69100520110189,0.108593629121078,22.4663141164649,1.64739799888499,11.6145621449397,0.83985089054187,34.0808762614046,1.84912673580646,34.3215461564414,0.53597813879337,0.240669895036795,1.92523823209977,7.50893174174208,1.72825437143989,2,-7.26826184670528,2.58716165377035
"P-T","E-M-S",2.68580584232527,0.172637139894064,33.1471248756158,0.669300563270499,9.40545036090433,0.72258805311153,42.5525752365202,0.984934890484502,34.5957523861345,1.00311499268484,-7.95682285038563,1.40582233125059,7.50893174174208,1.72825437143989,3,-15.4657545921277,2.22782396060459
"P-T",NA,0,0,0.339957610763573,0.128840164092509,7.97124445026975,0.203194710922311,8.31120206103332,0.240598999229395,15.8201338027754,1.71142493086051,7.50893174174208,1.72825437143989,7.50893174174208,1.72825437143989,0,0,2.44412077132088
"S-T","C",0,0,1.95347598657458,0.069093430194144,8.58407879511591,1.27108977684671,10.5375547816905,1.27296626934896,NA,NA,NA,NA,1.96267739097562,0.624668058131684,1,NA,NA
"S-T","C-E",0.497554983536475,0.119851363359158,NA,NA,9.62340724008352,0.553056888753753,NA,NA,NA,NA,NA,NA,1.96267739097562,0.624668058131684,2,NA,NA
"S-T","E",0,0,1.38529816487041,0.0738498512300494,11.278371350314,0.624101148595879,12.6636695151844,0.628455284173342,12.030689941714,0.618418419031017,-0.63297957347041,0.881701414993885,1.96267739097562,0.624668058131684,1,-2.59565696444603,1.08055891466048
"S-T","E-M",1.52770306248583,0.0926138611235951,1.15810277983944,0.195910462566508,9.56752154452127,0.654901888145674,10.7256243243607,0.683576910405693,10.5635531407438,0.707748005790853,-0.162071183616941,0.983963735175601,1.96267739097562,0.624668058131684,2,-2.12474857459256,1.16550195838134
"S-T","C-E-M",0.528316968781174,0.0911117039040756,NA,NA,9.00205786146631,0.70512525520998,NA,NA,10.8917026484953,1.37914627533782,NA,NA,1.96267739097562,0.624668058131684,3,NA,NA
"S-T","C-E-M-P",11.7094348051329,1.4643783659362,19.3729996444094,1.82087256496559,1.6109263962711,2.72988813198202,20.9839260406805,3.28144268744415,12.7956793177963,1.53876693957568,-8.1882467228842,3.62431646042557,1.96267739097562,0.624668058131684,4,-10.1509241138598,3.67775474823455
"S-T","C-M",0,0,NA,NA,8.6104250912212,0.425151289627449,NA,NA,NA,NA,NA,NA,1.96267739097562,0.624668058131684,2,NA,NA
"S-T","E-P",16.5688603364037,1.27040061643595,13.9824245765755,1.76989805511491,0.197092098914101,1.69826520670654,14.1795166754896,2.45288479913133,11.9550002878735,2.31154361118907,-2.2245163876161,3.37044176692589,1.96267739097562,0.624668058131684,2,-4.18719377859172,3.42784011982598
"S-T","C-E-P",10.0102287513234,0.715198481518576,NA,NA,5.2863524084888,1.29628481267629,NA,NA,22.1424900019287,0.839142451770493,NA,NA,1.96267739097562,0.624668058131684,3,NA,NA
"S-T","M",2.60510350865721,0.257948961344854,-0.91409830755532,0.279875406108817,8.61945214401099,0.739888044753877,7.70535383645567,0.791052818536342,10.7004638373844,0.871834048840245,2.99511000092872,1.17722519953978,1.96267739097562,0.624668058131684,1,1.0324326099531,1.33269252015665
"S-T","C-P",2.86772662988356,0.256380031742829,NA,NA,6.56339374326867,0.618157925880186,NA,NA,NA,NA,NA,NA,1.96267739097562,0.624668058131684,2,NA,NA
"S-T","P",0.339957610763573,0.128840164092509,33.074445253739,1.02997929590935,15.4801761920118,1.71626777685019,48.5546214457509,2.00160746198055,32.8590150032707,0.578519858198992,-15.6956064424801,2.083534894881,1.96267739097562,0.624668058131684,1,-17.6582838334557,2.17516156665127
"S-T","M-P",22.5361088984472,3.1256350813194,1.6212104191196,3.53153256420199,-4.1349092498363,3.36286391530698,-2.5136988307167,4.87653319120181,13.4764424590961,3.16939657514696,15.9901412898128,5.81598234311678,1.96267739097562,0.624668058131684,2,14.0274638988372,5.84943251933862
"S-T","E-M-P",21.9501772909361,2.48845717756315,13.882753427005,2.57110458489906,-1.5085413056838,2.65191643667011,12.3742121213212,3.69367561834686,15.3313809375237,2.67747179836574,2.9571688162025,4.56202748836676,1.96267739097562,0.624668058131684,3,0.994491425226876,4.60459607212879
"S-T","C-M-P",14.9249923059404,0.886576618358238,NA,NA,0.890309815146701,1.18163294965929,NA,NA,8.877493418712,2.53112287910904,NA,NA,1.96267739097562,0.624668058131684,3,NA,NA
"S-T",NA,0,0,1.49481754514853,0.0561185978486826,7.97124445026975,0.203194710922311,9.46606199541828,0.210801773169259,11.4287393863939,0.588024485271409,1.96267739097562,0.624668058131684,1.96267739097562,0.624668058131684,0,0,0.883414039791093
