"V1","V2","len.v1","len.v2","all.in","Vj.real.V1","Vj.real.V2","se.real.V1","se.real.V2","Vj.1.V1","Vj.1.V2","Vj.1.V1.se","Vj.1.V2.se","Vj.2.V1","Vj.2.V1.se","Vj.2.V2","Vj.2.V2.se","Vj.3.V1","Vj.3.V1.se","Vj.3.V2","Vj.3.V2.se","vari","poly","l1","l2","eps.h","eps.h.se","eps.h3","eps.h3.se"
"C","C-E",1,2,TRUE,0,0.497554983536475,0,0.119851363359158,0,0,0,0,0,0,0.497554983536475,0.119851363359158,0,0,0.497554983536475,0.119851363359158,0.497554983536475,"N",0,1,0,0,0,0
"C","C-M",1,2,TRUE,0,0,0,0,0,2.60510350865721,0,0.257948961344854,0,0,0,0.364794919533946,0,0,0,0.364794919533946,0,"N",0,1,0,0,0,0
"C","C-P",1,2,TRUE,0,2.86772662988356,0,0.256380031742829,0,0.339957610763573,0,0.128840164092509,0,0,2.86772662988356,0.314531868724336,0,0,2.86772662988356,0.314531868724336,2.86772662988356,"P",0,1,-3.10862446895044e-15,0,-3.10862446895044e-15,0
"C","C-S",1,2,TRUE,0,1.95347598657458,0,0.069093430194144,0,1.49481754514853,0,0.0561185978486826,0,0,1.95347598657458,0.105225929052669,0,0,1.95347598657458,0.105225929052669,1.95347598657458,"N",0,1,2.22044604925031e-16,0,2.22044604925031e-16,0
"C","C-T",1,2,TRUE,0,8.58407879511591,0,1.27108977684671,0,7.97124445026975,0,0.203194710922311,0,0,8.58407879511591,1.30316744967706,0,0,8.58407879511591,1.30316744967706,8.58407879511591,"N",0,1,0,0,0,0
"E","C-E",1,2,TRUE,0,0.497554983536475,0,0.119851363359158,0,0,0,0,0,0,0.497554983536475,0.119851363359158,0,0,0.497554983536475,0.119851363359158,0.497554983536475,"N",0,1,0,0,0,0
"C-E","C-E-M",2,3,TRUE,0.497554983536475,0.528316968781174,0.119851363359158,0.0911117039040756,0,2.60510350865721,0,0.257948961344854,0.497554983536475,0.119851363359158,-0.579845462634905,0.471757010067616,0.497554983536475,0.119851363359158,0.528316968781174,0.673357776879555,0.030761985244699,"N",0,1,1.10816243141608,0.480474785120136,0,0
"C-E","C-E-P",2,3,TRUE,0.497554983536475,10.0102287513234,0.119851363359158,0.715198481518576,0,0.339957610763573,0,0.128840164092509,0.497554983536475,0.119851363359158,19.5941843390601,1.32053480070254,0.497554983536475,0.119851363359158,10.0102287513234,1.99978328518354,9.51267376778693,"P",0,1,-9.58395558773674,1.50177262854035,0,0
"C-E","C-E-T",2,3,TRUE,0.497554983536475,10.12096222362,0.119851363359158,0.539914412568263,0,7.97124445026975,0,0.203194710922311,0.497554983536475,0.119851363359158,12.3887606786966,1.46403554786841,0.497554983536475,0.119851363359158,10.12096222362,2.1396980496658,9.62340724008352,"N",0,1,-2.26779845507664,1.56041906496982,0,0
"E-M-S-T","C-E-M-S-T",4,5,TRUE,12.0912562032296,11.4200196172765,0.701662249539412,1.37613338967917,12.0711655040755,12.0711655040755,0.333129185497447,0.333129185497447,14.3933418096833,1.29842042962732,13.3572860708347,1.85247891715481,12.6527804233292,2.5874278562699,9.8352272631842,3.70231358462414,-0.6712365859531,"N",0,1,-1.93726645355823,2.30768742352445,1.5847923540923,3.94979353701966
"C-E-M-S-T","C-E-M-P-S-T",5,6,TRUE,11.4200196172765,24.5051141229292,1.37613338967917,0.47265177002643,12.0711655040755,12.4111231148391,0.333129185497447,0.357176205973435,13.3572860708347,1.85247891715481,91.1335226557174,4.36631742829296,9.8352272631842,3.70231358462414,-59.3119327641966,10.4745969973672,13.0850945056527,"P",0,1,-66.6284085327882,4.39182508535164,83.8170468871258,10.4852554548262
"C-E-M-T","C-E-M-S-T",4,5,TRUE,9.53037483024748,11.4200196172765,0.699214046588479,1.37613338967917,10.576347958927,12.0711655040755,0.328368325521343,0.333129185497447,11.9595679262665,1.71473403826592,13.3572860708347,1.85247891715481,7.81901300543602,3.13522661279095,9.8352272631842,3.70231358462414,1.88964478702902,"N",0,1,-1.93726645355823,2.30768742352445,1.5847923540923,3.94979353701966
"C-M","C-M-T",2,3,TRUE,0,8.6104250912212,0,0.425151289627449,2.60510350865721,10.576347958927,0.257948961344854,0.328368325521343,0,0.364794919533946,9.23228648885715,1.55564878572643,0,0.364794919533946,8.6104250912212,2.24072307707492,8.6104250912212,"N",0,1,-0.621861397635952,1.6126985966398,0,0
"C-M-T","C-E-M-T",3,4,TRUE,8.6104250912212,9.53037483024748,0.425151289627449,0.699214046588479,10.576347958927,10.576347958927,0.328368325521343,0.328368325521343,9.23228648885715,1.55564878572643,11.9595679262665,1.71473403826592,8.6104250912212,2.24072307707492,7.81901300543602,3.13522661279095,0.919949739026279,"N",0,1,-2.42919309601902,1.85181346386033,1.71136182481146,3.21224939824094
"C-T","C-M-T",2,3,TRUE,8.58407879511591,8.6104250912212,1.27108977684671,0.425151289627449,7.97124445026975,10.576347958927,0.203194710922311,0.328368325521343,8.58407879511591,1.30316744967706,9.23228648885715,1.55564878572643,8.58407879511591,1.30316744967706,8.6104250912212,2.24072307707492,0.0263462961052898,"N",0,1,-0.621861397635952,1.6126985966398,0,0
"M-T","C-M-T",2,3,TRUE,11.2245556526682,8.6104250912212,0.693467124030279,0.425151289627449,10.576347958927,10.576347958927,0.328368325521343,0.328368325521343,11.2245556526682,0.834594612085536,9.23228648885715,1.55564878572643,11.2245556526682,0.834594612085536,8.6104250912212,2.24072307707492,-2.614130561447,"N",0,1,-0.621861397635952,1.6126985966398,0,0
"C-M-T","C-M-P-T",3,4,TRUE,8.6104250912212,15.8153021210871,0.425151289627449,0.78117752623907,10.576347958927,10.9163055696905,0.328368325521343,0.352740053139809,9.23228648885715,1.55564878572643,39.1999926395092,3.91900098615619,8.6104250912212,2.24072307707492,1.251439209725,7.00161060076976,7.2048770298659,"P",0,1,-23.3846905184221,3.99609897987953,14.5638629113621,7.04505424622923
"E-M-T","E-M-S-T",3,4,TRUE,11.0952246070071,12.0912562032296,0.648320257144992,0.701662249539412,10.576347958927,12.0711655040755,0.328368325521343,0.333129185497447,13.4542821065411,1.0965644051668,14.3933418096833,1.29842042962732,11.0952246070071,1.68084090418522,12.6527804233292,2.5874278562699,0.996031596222499,"N",0,1,-2.30208560645365,1.4758812704626,-0.56152422009963,2.68087911399044
"E-M","E-M-T",2,3,TRUE,1.52770306248583,11.0952246070071,0.0926138611235951,0.648320257144992,2.60510350865721,10.576347958927,0.257948961344854,0.328368325521343,1.52770306248583,0.376367719909663,13.4542821065411,1.0965644051668,1.52770306248583,0.376367719909663,11.0952246070071,1.68084090418522,9.56752154452127,"N",0,1,-2.35905749953397,1.27388094047417,0,0
"E-M-T","C-E-M-T",3,4,TRUE,11.0952246070071,9.53037483024748,0.648320257144992,0.699214046588479,10.576347958927,10.576347958927,0.328368325521343,0.328368325521343,13.4542821065411,1.0965644051668,11.9595679262665,1.71473403826592,11.0952246070071,1.68084090418522,7.81901300543602,3.13522661279095,-1.56484977675962,"N",0,1,-2.42919309601902,1.85181346386033,1.71136182481146,3.21224939824094
"E-T","E-M-T",2,3,TRUE,11.278371350314,11.0952246070071,0.624101148595879,0.648320257144992,7.97124445026975,10.576347958927,0.203194710922311,0.328368325521343,11.278371350314,0.687079634956748,13.4542821065411,1.0965644051668,11.278371350314,0.687079634956748,11.0952246070071,1.68084090418522,-0.183146743306899,"N",0,1,-2.35905749953397,1.27388094047417,0,0
"M-T","E-M-T",2,3,TRUE,11.2245556526682,11.0952246070071,0.693467124030279,0.648320257144992,10.576347958927,10.576347958927,0.328368325521343,0.328368325521343,11.2245556526682,0.834594612085536,13.4542821065411,1.0965644051668,11.2245556526682,0.834594612085536,11.0952246070071,1.68084090418522,-0.1293310456611,"N",0,1,-2.35905749953397,1.27388094047417,0,0
"E-M-T","E-M-P-T",3,4,TRUE,11.0952246070071,20.4416359852523,0.648320257144992,0.916646967221031,10.576347958927,10.9163055696905,0.328368325521343,0.352740053139809,13.4542821065411,1.0965644051668,57.1231219637132,3.96095519858586,11.0952246070071,1.68084090418522,0.173126448468146,7.52423471978783,9.3464113782452,"P",0,1,-36.6814859784609,4.06563743436621,20.2685095367842,7.57986476007166
"E-S-T","E-M-S-T",3,4,TRUE,12.030689941714,12.0912562032296,0.618418419031017,0.701662249539412,9.46606199541828,12.0711655040755,0.210801773169259,0.333129185497447,14.62634690616,0.934901600275672,14.3933418096833,1.29842042962732,12.030689941714,1.45963123609796,12.6527804233292,2.5874278562699,0.0605662615156,"N",0,1,-2.30208560645365,1.4758812704626,-0.56152422009963,2.68087911399044
"E-M-S-T","E-M-P-S-T",4,5,TRUE,12.0912562032296,37.2815582284598,0.701662249539412,0.988147816107647,12.0711655040755,12.4111231148391,0.333129185497447,0.357176205973435,14.3933418096833,1.29842042962732,89.6418093754459,4.15170023600278,12.6527804233292,2.5874278562699,-32.3747941388759,9.18672980640434,25.1903020252302,"P",0,1,-52.3602511469861,4.2676751230739,69.6563523673357,9.23972080976239
"M-S-T","E-M-S-T",3,4,TRUE,13.3055673460416,12.0912562032296,0.83280066165817,0.701662249539412,12.0711655040755,12.0711655040755,0.333129185497447,0.333129185497447,12.2731347360885,1.08230641981178,14.3933418096833,1.29842042962732,13.3055673460416,1.74250719217737,12.6527804233292,2.5874278562699,-1.214311142812,"N",0,1,-2.30208560645365,1.4758812704626,-0.56152422009963,2.68087911399044
"E-M-S","E-M-S-T",3,4,TRUE,2.68580584232527,12.0912562032296,0.172637139894064,0.701662249539412,4.09992105380574,12.0711655040755,0.263982885209233,0.333129185497447,0.504085374652389,0.48464894009456,14.3933418096833,1.29842042962732,2.68580584232527,0.706804621051931,12.6527804233292,2.5874278562699,9.40545036090433,"N",0,1,-2.30208560645365,1.4758812704626,-0.56152422009963,2.68087911399044
"E","E-M",1,2,TRUE,0,1.52770306248583,0,0.0926138611235951,0,2.60510350865721,0,0.257948961344854,0,0,1.52770306248583,0.376367719909663,0,0,1.52770306248583,0.376367719909663,1.52770306248583,"N",0,1,2.22044604925031e-16,0,2.22044604925031e-16,0
"E","E-P",1,2,TRUE,0,16.5688603364037,0,1.27040061643595,0,0.339957610763573,0,0.128840164092509,0,0,16.5688603364037,1.28340067866883,0,0,16.5688603364037,1.28340067866883,16.5688603364037,"P",0,1,2.48689957516035e-14,0,2.48689957516035e-14,0
"E","E-S",1,2,TRUE,0,1.38529816487041,0,0.0738498512300494,0,1.49481754514853,0,0.0561185978486826,0,0,1.38529816487041,0.108408461734796,0,0,1.38529816487041,0.108408461734796,1.38529816487041,"N",0,1,0,0,0,0
"E","E-T",1,2,TRUE,0,11.278371350314,0,0.624101148595879,0,7.97124445026975,0,0.203194710922311,0,0,11.278371350314,0.687079634956748,0,0,11.278371350314,0.687079634956748,11.278371350314,"N",0,1,0,0,0,0
"E-P-S-T","C-E-P-S-T",4,5,TRUE,28.5238606242772,32.1527187532521,1.93114373887294,0.438920478443325,9.80601960618185,9.80601960618185,0.247057028749818,0.247057028749818,70.2837666928963,2.56359671626275,74.380583481825,2.88679813841625,12.4571136049671,4.82353156008396,-4.82744044250687,5.90073623686103,3.6288581289749,"PP",0,1,-42.2278647285729,2.91997511605158,36.980159195759,5.91703805323252
"C-E-P-S-T","C-E-M-P-S-T",5,6,TRUE,32.1527187532521,24.5051141229292,0.438920478443325,0.47265177002643,9.80601960618185,12.4111231148391,0.247057028749818,0.357176205973435,74.380583481825,2.88679813841625,91.1335226557174,4.36631742829296,-4.82744044250687,5.90073623686103,-59.3119327641966,10.4745969973672,-7.6476046303229,"PP",0,1,-66.6284085327882,4.39182508535164,83.8170468871258,10.4852554548262
"C-E-P-T","C-E-P-S-T",4,5,TRUE,15.2965811598122,32.1527187532521,1.08113155888112,0.438920478443325,8.31120206103332,9.80601960618185,0.240598999229395,0.247057028749818,38.9943217759624,2.61910501286048,74.380583481825,2.88679813841625,-0.97726005358227,4.79860531938078,-4.82744044250687,5.90073623686103,16.8561375934399,"PP",0,1,-42.2278647285729,2.91997511605158,36.980159195759,5.91703805323252
"E-M","C-E-M",2,3,TRUE,1.52770306248583,0.528316968781174,0.0926138611235951,0.0911117039040756,2.60510350865721,2.60510350865721,0.257948961344854,0.257948961344854,1.52770306248583,0.376367719909663,-0.579845462634905,0.471757010067616,1.52770306248583,0.376367719909663,0.528316968781174,0.673357776879555,-0.999386093704656,"N",0,1,1.10816243141608,0.480474785120136,0,0
"M","E-M",1,2,TRUE,2.60510350865721,1.52770306248583,0.257948961344854,0.0926138611235951,2.60510350865721,2.60510350865721,0.257948961344854,0.257948961344854,2.60510350865721,0.257948961344854,1.52770306248583,0.376367719909663,2.60510350865721,0.257948961344854,1.52770306248583,0.376367719909663,-1.07740044617138,"N",0,1,2.22044604925031e-16,0,2.22044604925031e-16,0
"E-M","E-M-P",2,3,TRUE,1.52770306248583,21.9501772909361,0.0926138611235951,2.48845717756315,2.60510350865721,2.94506111942078,0.257948961344854,0.288335662973337,1.52770306248583,0.376367719909663,37.6876111779159,3.41196454827925,1.52770306248583,0.376367719909663,21.9501772909361,5.42912730390386,20.4224742284503,"P",0,1,-15.7374338869798,4.22302275666139,0,0
"E-M","E-M-S",2,3,TRUE,1.52770306248583,2.68580584232527,0.0926138611235951,0.172637139894064,2.60510350865721,4.09992105380574,0.257948961344854,0.263982885209233,1.52770306248583,0.376367719909663,0.504085374652389,0.48464894009456,1.52770306248583,0.376367719909663,2.68580584232527,0.706804621051931,1.15810277983944,"N",0,1,2.18172046767288,0.514478548829379,0,0
"C-E-M","C-E-M-P",3,4,TRUE,0.528316968781174,11.7094348051329,0.0911117039040756,1.4643783659362,2.60510350865721,2.94506111942078,0.257948961344854,0.288335662973337,-0.579845462634905,0.471757010067616,38.1078316719152,3.43580188649349,0.528316968781174,0.673357776879555,6.36082252564514,6.55710215717116,11.1811178363517,"P",0,1,-26.3983968667823,3.73485456234298,5.34861227948776,6.71863026949695
"C-M","C-E-M",2,3,TRUE,0,0.528316968781174,0,0.0911117039040756,2.60510350865721,2.60510350865721,0.257948961344854,0.257948961344854,0,0.364794919533946,-0.579845462634905,0.471757010067616,0,0.364794919533946,0.528316968781174,0.673357776879555,0.528316968781174,"N",0,1,1.10816243141608,0.480474785120136,0,0
"C-E-M","C-E-M-T",3,4,TRUE,0.528316968781174,9.53037483024748,0.0911117039040756,0.699214046588479,2.60510350865721,10.576347958927,0.257948961344854,0.328368325521343,-0.579845462634905,0.471757010067616,11.9595679262665,1.71473403826592,0.528316968781174,0.673357776879555,7.81901300543602,3.13522661279095,9.00205786146631,"N",0,1,-2.42919309601902,1.85181346386033,1.71136182481146,3.21224939824094
"C-P","C-P-T",2,3,TRUE,2.86772662988356,9.43112037315223,0.256380031742829,0.562484222580545,0.339957610763573,8.31120206103332,0.128840164092509,0.240598999229395,2.86772662988356,0.314531868724336,18.9607371667416,2.18724458411539,2.86772662988356,0.314531868724336,9.43112037315223,3.14395709928368,6.56339374326867,"PP",0,1,-9.52961679358932,2.25841257776212,0,0
"C-P-T","C-E-P-T",3,4,TRUE,9.43112037315223,15.2965811598122,0.562484222580545,1.08113155888112,8.31120206103332,8.31120206103332,0.240598999229395,0.240598999229395,18.9607371667416,2.18724458411539,38.9943217759624,2.61910501286048,9.43112037315223,3.14395709928368,-0.97726005358227,4.79860531938078,5.86546078665997,"PP",0,1,-23.6977406161502,2.83347075439286,16.2738412133945,4.91888792907484
"C-T","C-P-T",2,3,TRUE,8.58407879511591,9.43112037315223,1.27108977684671,0.562484222580545,7.97124445026975,8.31120206103332,0.203194710922311,0.240598999229395,8.58407879511591,1.30316744967706,18.9607371667416,2.18724458411539,8.58407879511591,1.30316744967706,9.43112037315223,3.14395709928368,0.84704157803632,"P",0,1,-9.52961679358932,2.25841257776212,0,0
"P-T","C-P-T",2,3,TRUE,15.8201338027754,9.43112037315223,1.71142493086051,0.562484222580545,8.31120206103332,8.31120206103332,0.240598999229395,0.240598999229395,15.8201338027754,1.74492150277062,18.9607371667416,2.18724458411539,15.8201338027754,1.74492150277062,9.43112037315223,3.14395709928368,-6.38901342962317,"PP",0,1,-9.52961679358932,2.25841257776212,0,0
"C-P-T","C-M-P-T",3,4,TRUE,9.43112037315223,15.8153021210871,0.562484222580545,0.78117752623907,8.31120206103332,10.9163055696905,0.240598999229395,0.352740053139809,18.9607371667416,2.18724458411539,39.1999926395092,3.91900098615619,9.43112037315223,3.14395709928368,1.251439209725,7.00161060076976,6.38418174793487,"PP",0,1,-23.3846905184221,3.99609897987953,14.5638629113621,7.04505424622923
"E-P-S","E-P-S-T",3,4,TRUE,30.5512849129792,28.5238606242772,1.23232357733621,1.93114373887294,1.8347751559121,9.80601960618185,0.140531437436208,0.247057028749818,49.5337862098646,1.65011403957719,70.2837666928963,2.56359671626275,30.5512849129792,2.63901005804794,12.4571136049671,4.82353156008396,-2.027424288702,"PP",0,1,-41.7599060686191,3.2095707289015,16.0667470193101,5.19574564921284
"E-P","E-P-S",2,3,TRUE,16.5688603364037,30.5512849129792,1.27040061643595,1.23232357733621,0.339957610763573,1.8347751559121,0.128840164092509,0.140531437436208,16.5688603364037,1.28340067866883,49.5337862098646,1.65011403957719,16.5688603364037,1.28340067866883,30.5512849129792,2.63901005804794,13.9824245765755,"PP",0,1,-18.9825012968854,2.05948968020441,0,0
"E-S","E-P-S",2,3,TRUE,1.38529816487041,30.5512849129792,0.0738498512300494,1.23232357733621,1.49481754514853,1.8347751559121,0.0561185978486826,0.140531437436208,1.38529816487041,0.108408461734796,49.5337862098646,1.65011403957719,1.38529816487041,0.108408461734796,30.5512849129792,2.63901005804794,29.1659867481088,"P",0,1,-18.9825012968854,2.05948968020441,0,0
"P-S","E-P-S",2,3,TRUE,33.4144028645026,30.5512849129792,1.02188921225275,1.23232357733621,1.8347751559121,1.8347751559121,0.140531437436208,0.140531437436208,33.4144028645026,1.04103589368202,49.5337862098646,1.65011403957719,33.4144028645026,1.04103589368202,30.5512849129792,2.63901005804794,-2.8631179515234,"PP",0,1,-18.9825012968854,2.05948968020441,0,0
"E-P-S","E-M-P-S",3,4,TRUE,30.5512849129792,35.8329307179411,1.23232357733621,0.646652659411066,1.8347751559121,4.43987866456931,0.140531437436208,0.293746066470303,49.5337862098646,1.65011403957719,68.243621198673,3.57753276159501,30.5512849129792,2.63901005804794,6.66108750056508,6.99467514819404,5.2816458049619,"PP",0,1,-32.4106904807319,3.63550551123348,29.171843217376,7.02450283583733
"C-E-P","C-E-M-P",3,4,TRUE,10.0102287513234,11.7094348051329,0.715198481518576,1.4643783659362,0.339957610763573,2.94506111942078,0.128840164092509,0.288335662973337,19.5941843390601,1.32053480070254,38.1078316719152,3.43580188649349,10.0102287513234,1.99978328518354,6.36082252564514,6.55710215717116,1.6992060538095,"PP",0,1,-26.3983968667823,3.73485456234298,5.34861227948776,6.71863026949695
"C-E-M-P","C-E-M-P-S",4,5,TRUE,11.7094348051329,31.0824344495423,1.4643783659362,1.08220741968552,2.94506111942078,4.43987866456931,0.288335662973337,0.293746066470303,38.1078316719152,3.43580188649349,69.1225001340983,3.60137423547233,6.36082252564514,6.55710215717116,-8.46960882329984,7.9027570534256,19.3729996444094,"PP",0,1,-38.040065684556,3.76046131254482,39.5520432728421,7.97651189083866
"E-M-P","C-E-M-P",3,4,TRUE,21.9501772909361,11.7094348051329,2.48845717756315,1.4643783659362,2.94506111942078,2.94506111942078,0.288335662973337,0.288335662973337,37.6876111779159,3.41196454827925,38.1078316719152,3.43580188649349,21.9501772909361,5.42912730390386,6.36082252564514,6.55710215717116,-10.2407424858032,"PP",0,1,-26.3983968667823,3.73485456234298,5.34861227948776,6.71863026949695
"C-E-M-P","C-E-M-P-T",4,5,TRUE,11.7094348051329,13.320361201404,1.4643783659362,2.30388480929805,2.94506111942078,10.9163055696905,0.288335662973337,0.352740053139809,38.1078316719152,3.43580188649349,58.1561768025586,4.18441822970328,6.36082252564514,6.55710215717116,-27.2226706182786,9.05137352232883,1.6109263962711,"PP",0,1,-44.8358156011546,4.77673959260785,40.5430318196826,9.33998114854788
"C-M-P","C-E-M-P",3,4,TRUE,14.9249923059404,11.7094348051329,0.886576618358238,1.4643783659362,2.94506111942078,2.94506111942078,0.288335662973337,0.288335662973337,22.45877440891,3.17564761046905,38.1078316719152,3.43580188649349,14.9249923059404,4.5777170720759,6.36082252564514,6.55710215717116,-3.2155575008075,"PP",0,1,-26.3983968667823,3.73485456234298,5.34861227948776,6.71863026949695
"E-P-T","E-P-S-T",3,4,TRUE,16.7659524353178,28.5238606242772,1.12702572555783,1.93114373887294,8.31120206103332,9.80601960618185,0.240598999229395,0.247057028749818,35.3561634284598,2.25965902276892,70.2837666928963,2.56359671626275,16.7659524353178,3.38855496995861,12.4571136049671,4.82353156008396,11.7579081889594,"PP",0,1,-41.7599060686191,3.2095707289015,16.0667470193101,5.19574564921284
"E-S-T","E-P-S-T",3,4,TRUE,12.030689941714,28.5238606242772,0.618418419031017,1.93114373887294,9.46606199541828,9.80601960618185,0.210801773169259,0.247057028749818,14.62634690616,0.934901600275672,70.2837666928963,2.56359671626275,12.030689941714,1.45963123609796,12.4571136049671,4.82353156008396,16.4931706825632,"P",0,1,-41.7599060686191,3.2095707289015,16.0667470193101,5.19574564921284
"E-P-S-T","E-M-P-S-T",4,5,TRUE,28.5238606242772,37.2815582284598,1.93114373887294,0.988147816107647,9.80601960618185,12.4111231148391,0.247057028749818,0.357176205973435,70.2837666928963,2.56359671626275,89.6418093754459,4.15170023600278,12.4571136049671,4.82353156008396,-32.3747941388759,9.18672980640434,8.7576976041826,"PP",0,1,-52.3602511469861,4.2676751230739,69.6563523673357,9.23972080976239
"P-S-T","E-P-S-T",3,4,TRUE,33.1989726140343,28.5238606242772,0.563990636843554,1.93114373887294,9.80601960618185,9.80601960618185,0.247057028749818,0.247057028749818,50.8572564474901,2.12181930845494,70.2837666928963,2.56359671626275,33.1989726140343,3.05324741773601,12.4571136049671,4.82353156008396,-4.6751119897571,"PP",0,1,-41.7599060686191,3.2095707289015,16.0667470193101,5.19574564921284
"M","C-M",1,2,TRUE,2.60510350865721,0,0.257948961344854,0,2.60510350865721,2.60510350865721,0.257948961344854,0.257948961344854,2.60510350865721,0.257948961344854,0,0.364794919533946,2.60510350865721,0.257948961344854,0,0.364794919533946,-2.60510350865721,"N",0,1,0,0,0,0
"C-M","C-M-P",2,3,TRUE,0,14.9249923059404,0,0.886576618358238,2.60510350865721,2.94506111942078,0.257948961344854,0.288335662973337,0,0.364794919533946,22.45877440891,3.17564761046905,0,0.364794919533946,14.9249923059404,4.5777170720759,14.9249923059404,"P",0,1,-7.53378210296956,3.29708292981801,0,0
"E-P","C-E-P",2,3,TRUE,16.5688603364037,10.0102287513234,1.27040061643595,0.715198481518576,0.339957610763573,0.339957610763573,0.128840164092509,0.128840164092509,16.5688603364037,1.28340067866883,19.5941843390601,1.32053480070254,16.5688603364037,1.28340067866883,10.0102287513234,1.99978328518354,-6.5586315850803,"PP",0,1,-9.58395558773674,1.50177262854035,0,0
"E-P","E-P-T",2,3,TRUE,16.5688603364037,16.7659524353178,1.27040061643595,1.12702572555783,0.339957610763573,8.31120206103332,0.128840164092509,0.240598999229395,16.5688603364037,1.28340067866883,35.3561634284598,2.25965902276892,16.5688603364037,1.28340067866883,16.7659524353178,3.38855496995861,0.197092098914101,"PP",0,1,-18.590210993142,2.52512294458115,0,0
"P","E-P",1,2,TRUE,0.339957610763573,16.5688603364037,0.128840164092509,1.27040061643595,0.339957610763573,0.339957610763573,0.128840164092509,0.128840164092509,0.339957610763573,0.128840164092509,16.5688603364037,1.28340067866883,0.339957610763573,0.128840164092509,16.5688603364037,1.28340067866883,16.2289027256401,"PP",0,1,2.48689957516035e-14,0,2.48689957516035e-14,0
"E-P","E-M-P",2,3,TRUE,16.5688603364037,21.9501772909361,1.27040061643595,2.48845717756315,0.339957610763573,2.94506111942078,0.128840164092509,0.288335662973337,16.5688603364037,1.28340067866883,37.6876111779159,3.41196454827925,16.5688603364037,1.28340067866883,21.9501772909361,5.42912730390386,5.3813169545324,"PP",0,1,-15.7374338869798,4.22302275666139,0,0
"E-M-P-S-T","C-E-M-P-S-T",5,6,TRUE,37.2815582284598,24.5051141229292,0.988147816107647,0.47265177002643,12.4111231148391,12.4111231148391,0.357176205973435,0.357176205973435,89.6418093754459,4.15170023600278,91.1335226557174,4.36631742829296,-32.3747941388759,9.18672980640434,-59.3119327641966,10.4745969973672,-12.7764441055306,"PP",0,1,-66.6284085327882,4.39182508535164,83.8170468871258,10.4852554548262
"C-E-M-P-S","C-E-M-P-S-T",5,6,TRUE,31.0824344495423,24.5051141229292,1.08220741968552,0.47265177002643,4.43987866456931,12.4111231148391,0.293746066470303,0.357176205973435,69.1225001340983,3.60137423547233,91.1335226557174,4.36631742829296,-8.46960882329984,7.9027570534256,-59.3119327641966,10.4745969973672,-6.5773203266131,"PP",0,1,-66.6284085327882,4.39182508535164,83.8170468871258,10.4852554548262
"C-M-P-S-T","C-E-M-P-S-T",5,6,TRUE,23.8024857246524,24.5051141229292,2.37077306567493,0.47265177002643,12.4111231148391,12.4111231148391,0.357176205973435,0.357176205973435,72.286857872946,4.11161009769698,91.1335226557174,4.36631742829296,-11.3318657622564,8.42858821277497,-59.3119327641966,10.4745969973672,0.702628398276801,"PP",0,1,-66.6284085327882,4.39182508535164,83.8170468871258,10.4852554548262
"C-E-M-P-T","C-E-M-P-S-T",5,6,TRUE,13.320361201404,24.5051141229292,2.30388480929805,0.47265177002643,10.9163055696905,12.4111231148391,0.352740053139809,0.357176205973435,58.1561768025586,4.18441822970328,91.1335226557174,4.36631742829296,-27.2226706182786,9.05137352232883,-59.3119327641966,10.4745969973672,11.1847529215252,"PP",0,1,-66.6284085327882,4.39182508535164,83.8170468871258,10.4852554548262
"C-P","C-E-P",2,3,TRUE,2.86772662988356,10.0102287513234,0.256380031742829,0.715198481518576,0.339957610763573,0.339957610763573,0.128840164092509,0.128840164092509,2.86772662988356,0.314531868724336,19.5941843390601,1.32053480070254,2.86772662988356,0.314531868724336,10.0102287513234,1.99978328518354,7.14250212143984,"PP",0,1,-9.58395558773674,1.50177262854035,0,0
"C-E-P","C-E-P-T",3,4,TRUE,10.0102287513234,15.2965811598122,0.715198481518576,1.08113155888112,0.339957610763573,8.31120206103332,0.128840164092509,0.240598999229395,19.5941843390601,1.32053480070254,38.9943217759624,2.61910501286048,10.0102287513234,1.99978328518354,-0.97726005358227,4.79860531938078,5.2863524084888,"PP",0,1,-23.6977406161502,2.83347075439286,16.2738412133945,4.91888792907484
"E-P-T","C-E-P-T",3,4,TRUE,16.7659524353178,15.2965811598122,1.12702572555783,1.08113155888112,8.31120206103332,8.31120206103332,0.240598999229395,0.240598999229395,35.3561634284598,2.25965902276892,38.9943217759624,2.61910501286048,16.7659524353178,3.38855496995861,-0.97726005358227,4.79860531938078,-1.4693712755056,"PP",0,1,-23.6977406161502,2.83347075439286,16.2738412133945,4.91888792907484
"E-T","E-P-T",2,3,TRUE,11.278371350314,16.7659524353178,0.624101148595879,1.12702572555783,7.97124445026975,8.31120206103332,0.203194710922311,0.240598999229395,11.278371350314,0.687079634956748,35.3561634284598,2.25965902276892,11.278371350314,0.687079634956748,16.7659524353178,3.38855496995861,5.4875810850038,"P",0,1,-18.590210993142,2.52512294458115,0,0
"P-T","E-P-T",2,3,TRUE,15.8201338027754,16.7659524353178,1.71142493086051,1.12702572555783,8.31120206103332,8.31120206103332,0.240598999229395,0.240598999229395,15.8201338027754,1.74492150277062,35.3561634284598,2.25965902276892,15.8201338027754,1.74492150277062,16.7659524353178,3.38855496995861,0.9458186325424,"PP",0,1,-18.590210993142,2.52512294458115,0,0
"E-P-T","E-M-P-T",3,4,TRUE,16.7659524353178,20.4416359852523,1.12702572555783,0.916646967221031,8.31120206103332,10.9163055696905,0.240598999229395,0.352740053139809,35.3561634284598,2.25965902276892,57.1231219637132,3.96095519858586,16.7659524353178,3.38855496995861,0.173126448468146,7.52423471978783,3.6756835499345,"PP",0,1,-36.6814859784609,4.06563743436621,20.2685095367842,7.57986476007166
"C-E-T","C-E-M-T",3,4,TRUE,10.12096222362,9.53037483024748,0.539914412568263,0.699214046588479,7.97124445026975,10.576347958927,0.203194710922311,0.328368325521343,12.3887606786966,1.46403554786841,11.9595679262665,1.71473403826592,10.12096222362,2.1396980496658,7.81901300543602,3.13522661279095,-0.59058739337252,"N",0,1,-2.42919309601902,1.85181346386033,1.71136182481146,3.21224939824094
"C-E-M-T","C-E-M-P-T",4,5,TRUE,9.53037483024748,13.320361201404,0.699214046588479,2.30388480929805,10.576347958927,10.9163055696905,0.328368325521343,0.352740053139809,11.9595679262665,1.71473403826592,58.1561768025586,4.18441822970328,7.81901300543602,3.13522661279095,-27.2226706182786,9.05137352232883,3.78998637115652,"P",0,1,-44.8358156011546,4.77673959260785,40.5430318196826,9.33998114854788
"M","M-P",1,2,TRUE,2.60510350865721,22.5361088984472,0.257948961344854,3.1256350813194,2.60510350865721,2.94506111942078,0.257948961344854,0.288335662973337,2.60510350865721,0.257948961344854,22.5361088984472,3.15212143970677,2.60510350865721,0.257948961344854,22.5361088984472,3.15212143970677,19.93100538979,"P",0,1,1.77635683940025e-14,0,1.77635683940025e-14,0
"M","M-S",1,2,TRUE,2.60510350865721,1.69100520110189,0.257948961344854,0.108593629121078,2.60510350865721,4.09992105380574,0.257948961344854,0.263982885209233,2.60510350865721,0.257948961344854,1.69100520110189,0.388801367863423,2.60510350865721,0.257948961344854,1.69100520110189,0.388801367863423,-0.91409830755532,"N",0,1,4.44089209850063e-16,0,4.44089209850063e-16,0
"M","M-T",1,2,TRUE,2.60510350865721,11.2245556526682,0.257948961344854,0.693467124030279,2.60510350865721,10.576347958927,0.257948961344854,0.328368325521343,2.60510350865721,0.257948961344854,11.2245556526682,0.834594612085536,2.60510350865721,0.257948961344854,11.2245556526682,0.834594612085536,8.61945214401099,"N",0,1,0,0,0,0
"P","C-P",1,2,TRUE,0.339957610763573,2.86772662988356,0.128840164092509,0.256380031742829,0.339957610763573,0.339957610763573,0.128840164092509,0.128840164092509,0.339957610763573,0.128840164092509,2.86772662988356,0.314531868724336,0.339957610763573,0.128840164092509,2.86772662988356,0.314531868724336,2.52776901911999,"PP",0,1,-3.10862446895044e-15,0,-3.10862446895044e-15,0
"C-P","C-M-P",2,3,TRUE,2.86772662988356,14.9249923059404,0.256380031742829,0.886576618358238,0.339957610763573,2.94506111942078,0.128840164092509,0.288335662973337,2.86772662988356,0.314531868724336,22.45877440891,3.17564761046905,2.86772662988356,0.314531868724336,14.9249923059404,4.5777170720759,12.0572656760568,"PP",0,1,-7.53378210296956,3.29708292981801,0,0
"E-S","E-S-T",2,3,TRUE,1.38529816487041,12.030689941714,0.0738498512300494,0.618418419031017,1.49481754514853,9.46606199541828,0.0561185978486826,0.210801773169259,1.38529816487041,0.108408461734796,14.62634690616,0.934901600275672,1.38529816487041,0.108408461734796,12.030689941714,1.45963123609796,10.6453917768436,"N",0,1,-2.59565696444603,1.12092923201906,0,0
"S","E-S",1,2,TRUE,1.49481754514853,1.38529816487041,0.0561185978486826,0.0738498512300494,1.49481754514853,1.49481754514853,0.0561185978486826,0.0561185978486826,1.49481754514853,0.0561185978486826,1.38529816487041,0.108408461734796,1.49481754514853,0.0561185978486826,1.38529816487041,0.108408461734796,-0.10951938027812,"N",0,1,0,0,0,0
"E-S","E-M-S",2,3,TRUE,1.38529816487041,2.68580584232527,0.0738498512300494,0.172637139894064,1.49481754514853,4.09992105380574,0.0561185978486826,0.263982885209233,1.38529816487041,0.108408461734796,0.504085374652389,0.48464894009456,1.38529816487041,0.108408461734796,2.68580584232527,0.706804621051931,1.30050767745486,"N",0,1,2.18172046767288,0.514478548829379,0,0
"C-E-T","C-E-P-T",3,4,TRUE,10.12096222362,15.2965811598122,0.539914412568263,1.08113155888112,7.97124445026975,8.31120206103332,0.203194710922311,0.240598999229395,12.3887606786966,1.46403554786841,38.9943217759624,2.61910501286048,10.12096222362,2.1396980496658,-0.97726005358227,4.79860531938078,5.1756189361922,"P",0,1,-23.6977406161502,2.83347075439286,16.2738412133945,4.91888792907484
"E-T","C-E-T",2,3,TRUE,11.278371350314,10.12096222362,0.624101148595879,0.539914412568263,7.97124445026975,7.97124445026975,0.203194710922311,0.203194710922311,11.278371350314,0.687079634956748,12.3887606786966,1.46403554786841,11.278371350314,0.687079634956748,10.12096222362,2.1396980496658,-1.157409126694,"N",0,1,-2.26779845507664,1.56041906496982,0,0
"C-T","C-E-T",2,3,TRUE,8.58407879511591,10.12096222362,1.27108977684671,0.539914412568263,7.97124445026975,7.97124445026975,0.203194710922311,0.203194710922311,8.58407879511591,1.30316744967706,12.3887606786966,1.46403554786841,8.58407879511591,1.30316744967706,10.12096222362,2.1396980496658,1.53688342850409,"N",0,1,-2.26779845507664,1.56041906496982,0,0
"E-T","E-S-T",2,3,TRUE,11.278371350314,12.030689941714,0.624101148595879,0.618418419031017,7.97124445026975,9.46606199541828,0.203194710922311,0.210801773169259,11.278371350314,0.687079634956748,14.62634690616,0.934901600275672,11.278371350314,0.687079634956748,12.030689941714,1.45963123609796,0.7523185914,"N",0,1,-2.59565696444603,1.12092923201906,0,0
"S-T","E-S-T",2,3,TRUE,11.4287393863939,12.030689941714,0.588024485271409,0.618418419031017,9.46606199541828,9.46606199541828,0.210801773169259,0.210801773169259,11.4287393863939,0.659278067602216,14.62634690616,0.934901600275672,11.4287393863939,0.659278067602216,12.030689941714,1.45963123609796,0.6019505553201,"N",0,1,-2.59565696444603,1.12092923201906,0,0
"C-E-P-T","C-E-M-P-T",4,5,TRUE,15.2965811598122,13.320361201404,1.08113155888112,2.30388480929805,8.31120206103332,10.9163055696905,0.240598999229395,0.352740053139809,38.9943217759624,2.61910501286048,58.1561768025586,4.18441822970328,-0.97726005358227,4.79860531938078,-27.2226706182786,9.05137352232883,-1.9762199584082,"PP",0,1,-44.8358156011546,4.77673959260785,40.5430318196826,9.33998114854788
"P","M-P",1,2,TRUE,0.339957610763573,22.5361088984472,0.128840164092509,3.1256350813194,0.339957610763573,2.94506111942078,0.128840164092509,0.288335662973337,0.339957610763573,0.128840164092509,22.5361088984472,3.15212143970677,0.339957610763573,0.128840164092509,22.5361088984472,3.15212143970677,22.1961512876836,"PP",0,1,1.77635683940025e-14,0,1.77635683940025e-14,0
"P","P-S",1,2,TRUE,0.339957610763573,33.4144028645026,0.128840164092509,1.02188921225275,0.339957610763573,1.8347751559121,0.128840164092509,0.140531437436208,0.339957610763573,0.128840164092509,33.4144028645026,1.04103589368202,0.339957610763573,0.128840164092509,33.4144028645026,1.04103589368202,33.074445253739,"PP",0,1,-7.105427357601e-15,0,-7.105427357601e-15,0
"P","P-T",1,2,TRUE,0.339957610763573,15.8201338027754,0.128840164092509,1.71142493086051,0.339957610763573,8.31120206103332,0.128840164092509,0.240598999229395,0.339957610763573,0.128840164092509,15.8201338027754,1.74492150277062,0.339957610763573,0.128840164092509,15.8201338027754,1.74492150277062,15.4801761920118,"PP",0,1,-1.77635683940025e-15,0,-1.77635683940025e-15,0
"S","C-S",1,2,TRUE,1.49481754514853,1.95347598657458,0.0561185978486826,0.069093430194144,1.49481754514853,1.49481754514853,0.0561185978486826,0.0561185978486826,1.49481754514853,0.0561185978486826,1.95347598657458,0.105225929052669,1.49481754514853,0.0561185978486826,1.95347598657458,0.105225929052669,0.45865844142605,"N",0,1,2.22044604925031e-16,0,2.22044604925031e-16,0
"T","E-T",1,2,TRUE,7.97124445026975,11.278371350314,0.203194710922311,0.624101148595879,7.97124445026975,7.97124445026975,0.203194710922311,0.203194710922311,7.97124445026975,0.203194710922311,11.278371350314,0.687079634956748,7.97124445026975,0.203194710922311,11.278371350314,0.687079634956748,3.30712690004425,"N",0,1,0,0,0,0
"E-M-P-S","E-M-P-S-T",4,5,TRUE,35.8329307179411,37.2815582284598,0.646652659411066,0.988147816107647,4.43987866456931,12.4111231148391,0.293746066470303,0.357176205973435,68.243621198673,3.57753276159501,89.6418093754459,4.15170023600278,6.66108750056508,6.99467514819404,-32.3747941388759,9.18672980640434,1.4486275105187,"PP",0,1,-52.3602511469861,4.2676751230739,69.6563523673357,9.23972080976239
"M-P-S-T","E-M-P-S-T",4,5,TRUE,36.0125513575433,37.2815582284598,0.52486187609572,0.988147816107647,12.4111231148391,12.4111231148391,0.357176205973435,0.357176205973435,71.292699576211,3.88478942927329,89.6418093754459,4.15170023600278,5.35923623520347,7.11725864316757,-32.3747941388759,9.18672980640434,1.2690068709165,"PP",0,1,-52.3602511469861,4.2676751230739,69.6563523673357,9.23972080976239
"E-M-P-T","E-M-P-S-T",4,5,TRUE,20.4416359852523,37.2815582284598,0.916646967221031,0.988147816107647,10.9163055696905,12.4111231148391,0.352740053139809,0.357176205973435,57.1231219637132,3.96095519858586,89.6418093754459,4.15170023600278,0.173126448468146,7.52423471978783,-32.3747941388759,9.18672980640434,16.8399222432075,"PP",0,1,-52.3602511469861,4.2676751230739,69.6563523673357,9.23972080976239
"S","S-T",1,2,TRUE,1.49481754514853,11.4287393863939,0.0561185978486826,0.588024485271409,1.49481754514853,9.46606199541828,0.0561185978486826,0.210801773169259,1.49481754514853,0.0561185978486826,11.4287393863939,0.659278067602216,1.49481754514853,0.0561185978486826,11.4287393863939,0.659278067602216,9.93392184124537,"N",0,1,0,0,0,0
"T","S-T",1,2,TRUE,7.97124445026975,11.4287393863939,0.203194710922311,0.588024485271409,7.97124445026975,9.46606199541828,0.203194710922311,0.210801773169259,7.97124445026975,0.203194710922311,11.4287393863939,0.659278067602216,7.97124445026975,0.203194710922311,11.4287393863939,0.659278067602216,3.45749493612415,"N",0,1,0,0,0,0
"S-T","P-S-T",2,3,TRUE,11.4287393863939,33.1989726140343,0.588024485271409,0.563990636843554,9.46606199541828,9.80601960618185,0.210801773169259,0.247057028749818,11.4287393863939,0.659278067602216,50.8572564474901,2.12181930845494,11.4287393863939,0.659278067602216,33.1989726140343,3.05324741773601,21.7702332276404,"P",0,1,-17.6582838334558,2.19549598409549,0,0
"S-T","M-S-T",2,3,TRUE,11.4287393863939,13.3055673460416,0.588024485271409,0.83280066165817,9.46606199541828,12.0711655040755,0.210801773169259,0.333129185497447,11.4287393863939,0.659278067602216,12.2731347360885,1.08230641981178,11.4287393863939,0.659278067602216,13.3055673460416,1.74250719217737,1.8768279596477,"N",0,1,1.0324326099531,1.36562957218423,0,0
"S","P-S",1,2,TRUE,1.49481754514853,33.4144028645026,0.0561185978486826,1.02188921225275,1.49481754514853,1.8347751559121,0.0561185978486826,0.140531437436208,1.49481754514853,0.0561185978486826,33.4144028645026,1.04103589368202,1.49481754514853,0.0561185978486826,33.4144028645026,1.04103589368202,31.9195853193541,"P",0,1,-7.105427357601e-15,0,-7.105427357601e-15,0
"S","M-S",1,2,TRUE,1.49481754514853,1.69100520110189,0.0561185978486826,0.108593629121078,1.49481754514853,4.09992105380574,0.0561185978486826,0.263982885209233,1.49481754514853,0.0561185978486826,1.69100520110189,0.388801367863423,1.49481754514853,0.0561185978486826,1.69100520110189,0.388801367863423,0.19618765595336,"N",0,1,4.44089209850063e-16,0,4.44089209850063e-16,0
"T","C-T",1,2,TRUE,7.97124445026975,8.58407879511591,0.203194710922311,1.27108977684671,7.97124445026975,7.97124445026975,0.203194710922311,0.203194710922311,7.97124445026975,0.203194710922311,8.58407879511591,1.30316744967706,7.97124445026975,0.203194710922311,8.58407879511591,1.30316744967706,0.612834344846161,"N",0,1,0,0,0,0
"M-P","M-P-S",2,3,TRUE,22.5361088984472,24.1573193175668,3.1256350813194,1.64381495018283,2.94506111942078,4.43987866456931,0.288335662973337,0.293746066470303,22.5361088984472,3.15212143970677,53.2016382994824,3.32934003290128,22.5361088984472,3.15212143970677,24.1573193175668,4.98709712155305,1.6212104191196,"PP",0,1,-29.0443189819156,3.71303550280948,0,0
"M-P","M-P-T",2,3,TRUE,22.5361088984472,18.4011996486109,3.1256350813194,1.24066879194219,2.94506111942078,10.9163055696905,0.288335662973337,0.352740053139809,22.5361088984472,3.15212143970677,38.6644927842003,3.68140506368472,22.5361088984472,3.15212143970677,18.4011996486109,5.35207861836373,-4.1349092498363,"PP",0,1,-20.2632931355894,3.88484263442199,0,0
"M-P","E-M-P",2,3,TRUE,22.5361088984472,21.9501772909361,3.1256350813194,2.48845717756315,2.94506111942078,2.94506111942078,0.288335662973337,0.288335662973337,22.5361088984472,3.15212143970677,37.6876111779159,3.41196454827925,22.5361088984472,3.15212143970677,21.9501772909361,5.42912730390386,-0.5859316075111,"PP",0,1,-15.7374338869798,4.22302275666139,0,0
"M-P","C-M-P",2,3,TRUE,22.5361088984472,14.9249923059404,3.1256350813194,0.886576618358238,2.94506111942078,2.94506111942078,0.288335662973337,0.288335662973337,22.5361088984472,3.15212143970677,22.45877440891,3.17564761046905,22.5361088984472,3.15212143970677,14.9249923059404,4.5777170720759,-7.6111165925068,"PP",0,1,-7.53378210296956,3.29708292981801,0,0
"P-S","M-P-S",2,3,TRUE,33.4144028645026,24.1573193175668,1.02188921225275,1.64381495018283,1.8347751559121,4.43987866456931,0.140531437436208,0.293746066470303,33.4144028645026,1.04103589368202,53.2016382994824,3.32934003290128,33.4144028645026,1.04103589368202,24.1573193175668,4.98709712155305,-9.2570835469358,"PP",0,1,-29.0443189819156,3.71303550280948,0,0
"M-S","M-P-S",2,3,TRUE,1.69100520110189,24.1573193175668,0.108593629121078,1.64381495018283,4.09992105380574,4.43987866456931,0.263982885209233,0.293746066470303,1.69100520110189,0.388801367863423,53.2016382994824,3.32934003290128,1.69100520110189,0.388801367863423,24.1573193175668,4.98709712155305,22.4663141164649,"P",0,1,-29.0443189819156,3.71303550280948,0,0
"M-P-S","E-M-P-S",3,4,TRUE,24.1573193175668,35.8329307179411,1.64381495018283,0.646652659411066,4.43987866456931,4.43987866456931,0.293746066470303,0.293746066470303,53.2016382994824,3.32934003290128,68.243621198673,3.57753276159501,24.1573193175668,4.98709712155305,6.66108750056508,6.99467514819404,11.6756114003743,"PP",0,1,-32.4106904807319,3.63550551123348,29.171843217376,7.02450283583733
"M-P-S","M-P-S-T",3,4,TRUE,24.1573193175668,36.0125513575433,1.64381495018283,0.52486187609572,4.43987866456931,12.4111231148391,0.293746066470303,0.357176205973435,53.2016382994824,3.32934003290128,71.292699576211,3.88478942927329,24.1573193175668,4.98709712155305,5.35923623520347,7.11725864316757,11.8552320399765,"PP",0,1,-35.2801482186677,3.92008531779249,30.6533151223398,7.13658535874981
"T","P-T",1,2,TRUE,7.97124445026975,15.8201338027754,0.203194710922311,1.71142493086051,7.97124445026975,8.31120206103332,0.203194710922311,0.240598999229395,7.97124445026975,0.203194710922311,15.8201338027754,1.74492150277062,7.97124445026975,0.203194710922311,15.8201338027754,1.74492150277062,7.84888935250565,"P",0,1,-1.77635683940025e-15,0,-1.77635683940025e-15,0
"T","M-T",1,2,TRUE,7.97124445026975,11.2245556526682,0.203194710922311,0.693467124030279,7.97124445026975,10.576347958927,0.203194710922311,0.328368325521343,7.97124445026975,0.203194710922311,11.2245556526682,0.834594612085536,7.97124445026975,0.203194710922311,11.2245556526682,0.834594612085536,3.25331120239845,"N",0,1,0,0,0,0
"E-M-P-S","C-E-M-P-S",4,5,TRUE,35.8329307179411,31.0824344495423,0.646652659411066,1.08220741968552,4.43987866456931,4.43987866456931,0.293746066470303,0.293746066470303,68.243621198673,3.57753276159501,69.1225001340983,3.60137423547233,6.66108750056508,6.99467514819404,-8.46960882329984,7.9027570534256,-4.7504962683988,"PP",0,1,-38.040065684556,3.76046131254482,39.5520432728421,7.97651189083866
"P-S","P-S-T",2,3,TRUE,33.4144028645026,33.1989726140343,1.02188921225275,0.563990636843554,1.8347751559121,9.80601960618185,0.140531437436208,0.247057028749818,33.4144028645026,1.04103589368202,50.8572564474901,2.12181930845494,33.4144028645026,1.04103589368202,33.1989726140343,3.05324741773601,-0.215430250468302,"PP",0,1,-17.6582838334558,2.19549598409549,0,0
"M-P-S-T","C-M-P-S-T",4,5,TRUE,36.0125513575433,23.8024857246524,0.52486187609572,2.37077306567493,12.4111231148391,12.4111231148391,0.357176205973435,0.357176205973435,71.292699576211,3.88478942927329,72.286857872946,4.11161009769698,5.35923623520347,7.11725864316757,-11.3318657622564,8.42858821277497,-12.2100656328909,"PP",0,1,-48.4843721482936,4.7461460706992,35.1343514869088,8.75566469147025
"C-M-P-T","C-M-P-S-T",4,5,TRUE,15.8153021210871,23.8024857246524,0.78117752623907,2.37077306567493,10.9163055696905,12.4111231148391,0.352740053139809,0.357176205973435,39.1999926395092,3.91900098615619,72.286857872946,4.11161009769698,1.251439209725,7.00161060076976,-11.3318657622564,8.42858821277497,7.9871836035653,"PP",0,1,-48.4843721482936,4.7461460706992,35.1343514869088,8.75566469147025
"M-S","M-S-T",2,3,TRUE,1.69100520110189,13.3055673460416,0.108593629121078,0.83280066165817,4.09992105380574,12.0711655040755,0.263982885209233,0.333129185497447,1.69100520110189,0.388801367863423,12.2731347360885,1.08230641981178,1.69100520110189,0.388801367863423,13.3055673460416,1.74250719217737,11.6145621449397,"N",0,1,1.0324326099531,1.36562957218423,0,0
"M-S","E-M-S",2,3,TRUE,1.69100520110189,2.68580584232527,0.108593629121078,0.172637139894064,4.09992105380574,4.09992105380574,0.263982885209233,0.263982885209233,1.69100520110189,0.388801367863423,0.504085374652389,0.48464894009456,1.69100520110189,0.388801367863423,2.68580584232527,0.706804621051931,0.99480064122338,"N",0,1,2.18172046767288,0.514478548829379,0,0
"M-P-T","M-P-S-T",3,4,TRUE,18.4011996486109,36.0125513575433,1.24066879194219,0.52486187609572,10.9163055696905,12.4111231148391,0.352740053139809,0.357176205973435,38.6644927842003,3.68140506368472,71.292699576211,3.88478942927329,18.4011996486109,5.35207861836373,5.35923623520347,7.11725864316757,17.6113517089324,"PP",0,1,-35.2801482186677,3.92008531779249,30.6533151223398,7.13658535874981
"P-T","M-P-T",2,3,TRUE,15.8201338027754,18.4011996486109,1.71142493086051,1.24066879194219,8.31120206103332,10.9163055696905,0.240598999229395,0.352740053139809,15.8201338027754,1.74492150277062,38.6644927842003,3.68140506368472,15.8201338027754,1.74492150277062,18.4011996486109,5.35207861836373,2.5810658458355,"PP",0,1,-20.2632931355894,3.88484263442199,0,0
"M-T","M-P-T",2,3,TRUE,11.2245556526682,18.4011996486109,0.693467124030279,1.24066879194219,10.576347958927,10.9163055696905,0.328368325521343,0.352740053139809,11.2245556526682,0.834594612085536,38.6644927842003,3.68140506368472,11.2245556526682,0.834594612085536,18.4011996486109,5.35207861836373,7.1766439959427,"P",0,1,-20.2632931355894,3.88484263442199,0,0
"M-P-T","C-M-P-T",3,4,TRUE,18.4011996486109,15.8153021210871,1.24066879194219,0.78117752623907,10.9163055696905,10.9163055696905,0.352740053139809,0.352740053139809,38.6644927842003,3.68140506368472,39.1999926395092,3.91900098615619,18.4011996486109,5.35207861836373,1.251439209725,7.00161060076976,-2.5858975275238,"PP",0,1,-23.3846905184221,3.99609897987953,14.5638629113621,7.04505424622923
"M-P-T","E-M-P-T",3,4,TRUE,18.4011996486109,20.4416359852523,1.24066879194219,0.916646967221031,10.9163055696905,10.9163055696905,0.352740053139809,0.352740053139809,38.6644927842003,3.68140506368472,57.1231219637132,3.96095519858586,18.4011996486109,5.35207861836373,0.173126448468146,7.52423471978783,2.0404363366414,"PP",0,1,-36.6814859784609,4.06563743436621,20.2685095367842,7.57986476007166
"E-M-P","E-M-P-S",3,4,TRUE,21.9501772909361,35.8329307179411,2.48845717756315,0.646652659411066,2.94506111942078,4.43987866456931,0.288335662973337,0.293746066470303,37.6876111779159,3.41196454827925,68.243621198673,3.57753276159501,21.9501772909361,5.42912730390386,6.66108750056508,6.99467514819404,13.882753427005,"PP",0,1,-32.4106904807319,3.63550551123348,29.171843217376,7.02450283583733
"E-M-P","E-M-P-T",3,4,TRUE,21.9501772909361,20.4416359852523,2.48845717756315,0.916646967221031,2.94506111942078,10.9163055696905,0.288335662973337,0.352740053139809,37.6876111779159,3.41196454827925,57.1231219637132,3.96095519858586,21.9501772909361,5.42912730390386,0.173126448468146,7.52423471978783,-1.5085413056838,"PP",0,1,-36.6814859784609,4.06563743436621,20.2685095367842,7.57986476007166
"P-S-T","M-P-S-T",3,4,TRUE,33.1989726140343,36.0125513575433,0.563990636843554,0.52486187609572,9.80601960618185,12.4111231148391,0.247057028749818,0.357176205973435,50.8572564474901,2.12181930845494,71.292699576211,3.88478942927329,33.1989726140343,3.05324741773601,5.35923623520347,7.11725864316757,2.81357874350901,"PP",0,1,-35.2801482186677,3.92008531779249,30.6533151223398,7.13658535874981
"P-T","P-S-T",2,3,TRUE,15.8201338027754,33.1989726140343,1.71142493086051,0.563990636843554,8.31120206103332,9.80601960618185,0.240598999229395,0.247057028749818,15.8201338027754,1.74492150277062,50.8572564474901,2.12181930845494,15.8201338027754,1.74492150277062,33.1989726140343,3.05324741773601,17.3788388112589,"PP",0,1,-17.6582838334558,2.19549598409549,0,0
"E-M-S","E-M-P-S",3,4,TRUE,2.68580584232527,35.8329307179411,0.172637139894064,0.646652659411066,4.09992105380574,4.43987866456931,0.263982885209233,0.293746066470303,0.504085374652389,0.48464894009456,68.243621198673,3.57753276159501,2.68580584232527,0.706804621051931,6.66108750056508,6.99467514819404,33.1471248756158,"P",0,1,-32.4106904807319,3.63550551123348,29.171843217376,7.02450283583733
"M-S-T","M-P-S-T",3,4,TRUE,13.3055673460416,36.0125513575433,0.83280066165817,0.52486187609572,12.0711655040755,12.4111231148391,0.333129185497447,0.357176205973435,12.2731347360885,1.08230641981178,71.292699576211,3.88478942927329,13.3055673460416,1.74250719217737,5.35923623520347,7.11725864316757,22.7069840115017,"P",0,1,-35.2801482186677,3.92008531779249,30.6533151223398,7.13658535874981
"C-M-P-T","C-E-M-P-T",4,5,TRUE,15.8153021210871,13.320361201404,0.78117752623907,2.30388480929805,10.9163055696905,10.9163055696905,0.352740053139809,0.352740053139809,39.1999926395092,3.91900098615619,58.1561768025586,4.18441822970328,1.251439209725,7.00161060076976,-27.2226706182786,9.05137352232883,-2.4949409196831,"PP",0,1,-44.8358156011546,4.77673959260785,40.5430318196826,9.33998114854788
"E-M-P-T","C-E-M-P-T",4,5,TRUE,20.4416359852523,13.320361201404,0.916646967221031,2.30388480929805,10.9163055696905,10.9163055696905,0.352740053139809,0.352740053139809,57.1231219637132,3.96095519858586,58.1561768025586,4.18441822970328,0.173126448468146,7.52423471978783,-27.2226706182786,9.05137352232883,-7.1212747838483,"PP",0,1,-44.8358156011546,4.77673959260785,40.5430318196826,9.33998114854788
"M-T","M-S-T",2,3,TRUE,11.2245556526682,13.3055673460416,0.693467124030279,0.83280066165817,10.576347958927,12.0711655040755,0.328368325521343,0.333129185497447,11.2245556526682,0.834594612085536,12.2731347360885,1.08230641981178,11.2245556526682,0.834594612085536,13.3055673460416,1.74250719217737,2.0810116933734,"N",0,1,1.0324326099531,1.36562957218423,0,0
"C-M-P","C-M-P-T",3,4,TRUE,14.9249923059404,15.8153021210871,0.886576618358238,0.78117752623907,2.94506111942078,10.9163055696905,0.288335662973337,0.352740053139809,22.45877440891,3.17564761046905,39.1999926395092,3.91900098615619,14.9249923059404,4.5777170720759,1.251439209725,7.00161060076976,0.890309815146701,"PP",0,1,-23.3846905184221,3.99609897987953,14.5638629113621,7.04505424622923
"-","C",0,1,TRUE,0,0,0,0,0,0,0,0,0,0.119851363359158,0,0,0,0.119851363359158,0,0,0,"N",0,1,0,0,0,0
"-","C",0,1,TRUE,0,0,0,0,0,0,0,0,0,0.364794919533946,0,0,0,0.364794919533946,0,0,0,"N",0,1,0,0,0,0
"-","C",0,1,TRUE,0,0,0,0,0,0,0,0,0,0.314531868724336,0,0,0,0.314531868724336,0,0,0,"N",0,1,0,0,0,0
"-","C",0,1,TRUE,0,0,0,0,0,0,0,0,0,0.105225929052669,0,0,0,0.105225929052669,0,0,0,"N",0,1,0,0,0,0
"-","C",0,1,TRUE,0,0,0,0,0,0,0,0,0,1.30316744967706,0,0,0,1.30316744967706,0,0,0,"N",0,1,0,0,0,0
"-","E",0,1,TRUE,0,0,0,0,0,0,0,0,0,0.119851363359158,0,0,0,0.119851363359158,0,0,0,"N",0,1,0,0,0,0
"-","E",0,1,TRUE,0,0,0,0,0,0,0,0,0,0.376367719909663,0,0,0,0.376367719909663,0,0,0,"N",0,1,0,0,0,0
"-","E",0,1,TRUE,0,0,0,0,0,0,0,0,0,1.28340067866883,0,0,0,1.28340067866883,0,0,0,"N",0,1,0,0,0,0
"-","E",0,1,TRUE,0,0,0,0,0,0,0,0,0,0.108408461734796,0,0,0,0.108408461734796,0,0,0,"N",0,1,0,0,0,0
"-","E",0,1,TRUE,0,0,0,0,0,0,0,0,0,0.687079634956748,0,0,0,0.687079634956748,0,0,0,"N",0,1,0,0,0,0
"-","M",0,1,TRUE,0,2.60510350865721,0,0.257948961344854,0,2.60510350865721,0,0.257948961344854,0,0.376367719909663,2.60510350865721,0.257948961344854,0,0.376367719909663,2.60510350865721,0.257948961344854,2.60510350865721,"N",0,1,0,0.364794919533946,0,0
"-","M",0,1,TRUE,0,2.60510350865721,0,0.257948961344854,0,2.60510350865721,0,0.257948961344854,0,0.364794919533946,2.60510350865721,0.257948961344854,0,0.364794919533946,2.60510350865721,0.257948961344854,2.60510350865721,"N",0,1,0,0.364794919533946,0,0
"-","P",0,1,TRUE,0,0.339957610763573,0,0.128840164092509,0,0.339957610763573,0,0.128840164092509,0,1.28340067866883,0.339957610763573,0.128840164092509,0,1.28340067866883,0.339957610763573,0.128840164092509,0.339957610763573,"P",0,1,0,0.182207507438001,0,0
"-","M",0,1,TRUE,0,2.60510350865721,0,0.257948961344854,0,2.60510350865721,0,0.257948961344854,0,3.15212143970677,2.60510350865721,0.257948961344854,0,3.15212143970677,2.60510350865721,0.257948961344854,2.60510350865721,"N",0,1,0,0.364794919533946,0,0
"-","M",0,1,TRUE,0,2.60510350865721,0,0.257948961344854,0,2.60510350865721,0,0.257948961344854,0,0.388801367863423,2.60510350865721,0.257948961344854,0,0.388801367863423,2.60510350865721,0.257948961344854,2.60510350865721,"N",0,1,0,0.364794919533946,0,0
"-","M",0,1,TRUE,0,2.60510350865721,0,0.257948961344854,0,2.60510350865721,0,0.257948961344854,0,0.834594612085536,2.60510350865721,0.257948961344854,0,0.834594612085536,2.60510350865721,0.257948961344854,2.60510350865721,"N",0,1,0,0.364794919533946,0,0
"-","P",0,1,TRUE,0,0.339957610763573,0,0.128840164092509,0,0.339957610763573,0,0.128840164092509,0,0.314531868724336,0.339957610763573,0.128840164092509,0,0.314531868724336,0.339957610763573,0.128840164092509,0.339957610763573,"P",0,1,0,0.182207507438001,0,0
"-","S",0,1,TRUE,0,1.49481754514853,0,0.0561185978486826,0,1.49481754514853,0,0.0561185978486826,0,0.108408461734796,1.49481754514853,0.0561185978486826,0,0.108408461734796,1.49481754514853,0.0561185978486826,1.49481754514853,"N",0,1,0,0.0793636821789685,0,0
"-","P",0,1,TRUE,0,0.339957610763573,0,0.128840164092509,0,0.339957610763573,0,0.128840164092509,0,3.15212143970677,0.339957610763573,0.128840164092509,0,3.15212143970677,0.339957610763573,0.128840164092509,0.339957610763573,"P",0,1,0,0.182207507438001,0,0
"-","P",0,1,TRUE,0,0.339957610763573,0,0.128840164092509,0,0.339957610763573,0,0.128840164092509,0,1.04103589368202,0.339957610763573,0.128840164092509,0,1.04103589368202,0.339957610763573,0.128840164092509,0.339957610763573,"P",0,1,0,0.182207507438001,0,0
"-","P",0,1,TRUE,0,0.339957610763573,0,0.128840164092509,0,0.339957610763573,0,0.128840164092509,0,1.74492150277062,0.339957610763573,0.128840164092509,0,1.74492150277062,0.339957610763573,0.128840164092509,0.339957610763573,"P",0,1,0,0.182207507438001,0,0
"-","S",0,1,TRUE,0,1.49481754514853,0,0.0561185978486826,0,1.49481754514853,0,0.0561185978486826,0,0.105225929052669,1.49481754514853,0.0561185978486826,0,0.105225929052669,1.49481754514853,0.0561185978486826,1.49481754514853,"N",0,1,0,0.0793636821789685,0,0
"-","T",0,1,TRUE,0,7.97124445026975,0,0.203194710922311,0,7.97124445026975,0,0.203194710922311,0,0.687079634956748,7.97124445026975,0.203194710922311,0,0.687079634956748,7.97124445026975,0.203194710922311,7.97124445026975,"N",0,1,0,0.287360715988813,0,0
"-","S",0,1,TRUE,0,1.49481754514853,0,0.0561185978486826,0,1.49481754514853,0,0.0561185978486826,0,0.659278067602216,1.49481754514853,0.0561185978486826,0,0.659278067602216,1.49481754514853,0.0561185978486826,1.49481754514853,"N",0,1,0,0.0793636821789685,0,0
"-","T",0,1,TRUE,0,7.97124445026975,0,0.203194710922311,0,7.97124445026975,0,0.203194710922311,0,0.659278067602216,7.97124445026975,0.203194710922311,0,0.659278067602216,7.97124445026975,0.203194710922311,7.97124445026975,"N",0,1,0,0.287360715988813,0,0
"-","S",0,1,TRUE,0,1.49481754514853,0,0.0561185978486826,0,1.49481754514853,0,0.0561185978486826,0,1.04103589368202,1.49481754514853,0.0561185978486826,0,1.04103589368202,1.49481754514853,0.0561185978486826,1.49481754514853,"N",0,1,0,0.0793636821789685,0,0
"-","S",0,1,TRUE,0,1.49481754514853,0,0.0561185978486826,0,1.49481754514853,0,0.0561185978486826,0,0.388801367863423,1.49481754514853,0.0561185978486826,0,0.388801367863423,1.49481754514853,0.0561185978486826,1.49481754514853,"N",0,1,0,0.0793636821789685,0,0
"-","T",0,1,TRUE,0,7.97124445026975,0,0.203194710922311,0,7.97124445026975,0,0.203194710922311,0,1.30316744967706,7.97124445026975,0.203194710922311,0,1.30316744967706,7.97124445026975,0.203194710922311,7.97124445026975,"N",0,1,0,0.287360715988813,0,0
"-","T",0,1,TRUE,0,7.97124445026975,0,0.203194710922311,0,7.97124445026975,0,0.203194710922311,0,1.74492150277062,7.97124445026975,0.203194710922311,0,1.74492150277062,7.97124445026975,0.203194710922311,7.97124445026975,"N",0,1,0,0.287360715988813,0,0
"-","T",0,1,TRUE,0,7.97124445026975,0,0.203194710922311,0,7.97124445026975,0,0.203194710922311,0,0.834594612085536,7.97124445026975,0.203194710922311,0,0.834594612085536,7.97124445026975,0.203194710922311,7.97124445026975,"N",0,1,0,0.287360715988813,0,0
